index,frame,x,y
0,0,55,1
0,1,262,18
0,2,227,32
0,3,65,49
0,4,160,50
0,5,219,53
0,6,68,52
0,7,140,56
0,8,268,54
0,9,108,64
0,10,65,69
0,11,100,67
0,12,111,73
0,13,222,74
0,14,109,76
0,15,86,84
0,16,128,83
0,17,65,85
0,18,236,85
0,19,235,88
0,20,259,91
0,21,232,93
0,22,120,95
0,23,172,95
0,24,106,98
0,25,193,99
0,26,91,98
0,27,216,100
0,28,94,109
0,29,47,105
0,30,209,105
0,31,170,110
0,32,204,113
0,33,245,117
0,34,164,121
0,35,182,123
0,36,84,129
0,37,146,131
0,38,275,139
0,39,73,141
0,40,125,143
0,41,193,146
0,42,205,155
0,43,265,149
0,44,92,149
0,45,19,153
0,46,61,161
0,47,161,165
0,48,215,171
0,49,273,173
0,50,230,174
0,51,145,173
0,52,189,177
0,53,83,177
0,54,46,178
0,55,45,180
0,56,128,182
0,57,212,190
0,58,62,195
0,59,260,196
0,60,246,205
0,61,193,205
0,62,55,206
0,63,155,206
0,64,158,206
0,65,57,208
0,66,157,214
0,67,141,210
0,68,125,215
0,69,52,221
0,70,60,222
0,71,201,225
0,72,274,230
0,73,120,229
0,74,124,232
0,75,184,233
0,76,212,233
0,77,209,237
0,78,283,238
0,79,64,242
0,80,78,242
0,81,161,246
0,82,273,247
0,83,99,246
0,84,240,249
0,85,118,250
0,86,135,248
0,87,149,252
0,88,256,253
0,89,85,255
0,90,173,253
0,91,176,253
0,92,120,259
0,93,54,260
0,94,69,261
0,95,144,260
0,96,140,261
0,97,53,262
0,98,122,262
0,99,54,264
0,100,181,266
0,101,216,273
0,102,275,273
0,103,144,274
0,104,164,276
0,105,178,278
0,106,263,282
0,107,284,294
0,108,235,297
0,109,164,302
0,110,131,313
1,0,23,1
1,1,57,2
1,2,160,49
1,3,66,50
1,4,219,53
1,5,140,56
1,6,110,62
1,7,233,62
1,8,66,68
1,9,97,70
1,10,221,75
1,11,111,73
1,12,85,84
1,13,127,83
1,14,64,85
1,15,237,84
1,16,235,88
1,17,260,91
1,18,232,92
1,19,119,95
1,20,107,97
1,21,173,95
1,22,193,98
1,23,215,101
1,24,91,101
1,25,49,106
1,26,167,108
1,27,93,111
1,28,203,112
1,29,245,117
1,30,165,121
1,31,182,122
1,32,84,128
1,33,146,130
1,34,275,139
1,35,73,141
1,36,124,141
1,37,193,145
1,38,265,149
1,39,93,150
1,40,205,149
1,41,208,148
1,42,3,155
1,43,204,158
1,44,161,166
1,45,223,174
1,46,273,174
1,47,143,173
1,48,189,177
1,49,46,179
1,50,129,180
1,51,212,190
1,52,62,194
1,53,260,196
1,54,157,209
1,55,247,205
1,56,192,205
1,57,57,209
1,58,144,209
1,59,141,210
1,60,125,215
1,61,52,220
1,62,61,223
1,63,124,229
1,64,274,230
1,65,184,233
1,66,208,238
1,67,279,236
1,68,282,238
1,69,64,242
1,70,79,241
1,71,273,247
1,72,162,246
1,73,239,248
1,74,117,249
1,75,149,251
1,76,255,252
1,77,53,257
1,78,56,253
1,79,85,254
1,80,169,253
1,81,172,254
1,82,152,254
1,83,121,258
1,84,68,260
1,85,140,260
1,86,104,262
1,87,182,266
1,88,177,269
1,89,216,273
1,90,164,276
1,91,177,278
1,92,262,282
2,0,34,1
2,1,50,1
2,2,87,1
2,3,28,3
2,4,48,3
2,5,52,3
2,6,82,3
2,7,92,3
2,8,279,18
2,9,160,50
2,10,65,50
2,11,218,53
2,12,140,56
2,13,109,64
2,14,99,68
2,15,66,69
2,16,222,74
2,17,85,84
2,18,126,82
2,19,65,85
2,20,238,85
2,21,128,86
2,22,259,91
2,23,232,92
2,24,120,95
2,25,106,97
2,26,173,95
2,27,193,99
2,28,92,98
2,29,215,100
2,30,89,102
2,31,208,105
2,32,49,106
2,33,52,106
2,34,204,113
2,35,92,114
2,36,245,116
2,37,165,122
2,38,182,123
2,39,84,129
2,40,145,129
2,41,275,139
2,42,72,140
2,43,194,146
2,44,124,143
2,45,3,145
2,46,97,146
2,47,92,149
2,48,205,154
2,49,266,149
2,50,28,164
2,51,161,166
2,52,222,173
2,53,236,169
2,54,273,174
2,55,144,173
2,56,3,175
2,57,189,177
2,58,83,177
2,59,130,181
2,60,46,182
2,61,212,190
2,62,38,189
2,63,61,194
2,64,260,196
2,65,157,209
2,66,192,206
2,67,246,205
2,68,55,209
2,69,141,209
2,70,144,209
2,71,167,209
2,72,125,214
2,73,60,223
2,74,274,230
2,75,122,231
2,76,184,233
2,77,125,233
2,78,207,238
2,79,283,237
2,80,64,241
2,81,78,240
2,82,73,245
2,83,162,246
2,84,273,248
2,85,240,249
2,86,116,250
2,87,256,253
2,88,85,255
2,89,147,253
2,90,172,255
2,91,55,256
2,92,121,259
2,93,175,258
2,94,54,260
2,95,140,261
2,96,52,262
2,97,69,263
2,98,273,262
2,99,182,266
2,100,216,272
2,101,164,276
2,102,177,277
2,103,180,277
2,104,262,282
2,105,202,290
2,106,132,312
2,107,131,313
3,0,1,1
3,1,78,1
3,2,3,3
3,3,20,3
3,4,48,3
3,5,177,8
3,6,113,20
3,7,57,45
3,8,152,46
3,9,64,49
3,10,160,49
3,11,218,53
3,12,139,55
3,13,110,65
3,14,97,67
3,15,99,66
3,16,66,69
3,17,110,75
3,18,221,75
3,19,85,82
3,20,126,83
3,21,237,84
3,22,65,84
3,23,258,91
3,24,119,94
3,25,232,93
3,26,173,95
3,27,106,99
3,28,91,98
3,29,193,99
3,30,215,100
3,31,50,105
3,32,166,108
3,33,93,112
3,34,204,113
3,35,244,117
3,36,164,121
3,37,181,122
3,38,84,127
3,39,145,130
3,40,71,139
3,41,275,139
3,42,125,142
3,43,193,146
3,44,204,152
3,45,265,149
3,46,92,151
3,47,97,150
3,48,299,154
3,49,162,166
3,50,222,173
3,51,236,169
3,52,272,173
3,53,144,173
3,54,188,177
3,55,46,178
3,56,81,177
3,57,128,181
3,58,211,190
3,59,61,194
3,60,259,195
3,61,156,205
3,62,246,205
3,63,191,204
3,64,55,207
3,65,142,210
3,66,126,214
3,67,157,215
3,68,60,222
3,69,121,230
3,70,275,231
3,71,182,233
3,72,281,236
3,73,207,238
3,74,78,242
3,75,63,243
3,76,163,247
3,77,273,247
3,78,61,246
3,79,239,249
3,80,148,251
3,81,117,250
3,82,256,252
3,83,86,254
3,84,173,254
3,85,54,257
3,86,213,256
3,87,68,257
3,88,121,258
3,89,141,262
3,90,144,262
3,91,182,266
3,92,216,272
3,93,162,274
3,94,178,279
3,95,262,282
3,96,57,300
3,97,224,312
3,98,253,312
4,0,18,1
4,1,49,1
4,2,74,1
4,3,102,1
4,4,56,3
4,5,280,3
4,6,221,11
4,7,115,45
4,8,160,50
4,9,66,50
4,10,218,54
4,11,64,52
4,12,140,56
4,13,213,57
4,14,110,64
4,15,99,66
4,16,65,69
4,17,68,72
4,18,220,74
4,19,110,76
4,20,86,83
4,21,126,83
4,22,64,85
4,23,237,83
4,24,258,90
4,25,120,95
4,26,232,93
4,27,107,95
4,28,172,95
4,29,92,100
4,30,193,99
4,31,215,101
4,32,167,106
4,33,52,106
4,34,95,107
4,35,170,108
4,36,92,113
4,37,204,113
4,38,245,117
4,39,164,121
4,40,180,122
4,41,84,128
4,42,146,129
4,43,40,130
4,44,275,138
4,45,72,139
4,46,124,141
4,47,193,146
4,48,94,148
4,49,200,145
4,50,203,147
4,51,205,153
4,52,266,149
4,53,23,154
4,54,162,166
4,55,215,171
4,56,273,174
4,57,230,174
4,58,143,172
4,59,188,177
4,60,47,177
4,61,83,177
4,62,129,181
4,63,47,182
4,64,83,182
4,65,3,185
4,66,212,190
4,67,61,193
4,68,260,196
4,69,173,197
4,70,157,209
4,71,247,205
4,72,192,206
4,73,57,208
4,74,125,214
4,75,142,211
4,76,53,222
4,77,57,221
4,78,61,222
4,79,273,230
4,80,139,229
4,81,123,230
4,82,183,233
4,83,91,233
4,84,155,237
4,85,283,238
4,86,65,242
4,87,78,241
4,88,210,240
4,89,209,241
4,90,161,246
4,91,273,247
4,92,117,250
4,93,240,249
4,94,149,249
4,95,256,253
4,96,151,252
4,97,86,254
4,98,176,254
4,99,56,255
4,100,152,254
4,101,122,258
4,102,167,256
4,103,68,260
4,104,53,261
4,105,139,261
4,106,144,262
4,107,182,265
4,108,299,269
4,109,216,272
4,110,40,274
4,111,166,276
4,112,177,277
4,113,262,282
4,114,265,286
4,115,203,290
4,116,157,294
4,117,188,312
5,0,30,1
5,1,44,3
5,2,306,18
5,3,190,38
5,4,156,48
5,5,219,60
5,6,143,61
5,7,67,67
5,8,104,69
5,9,116,70
5,10,229,70
5,11,149,71
5,12,74,79
5,13,229,82
5,14,95,81
5,15,108,81
5,16,71,82
5,17,263,82
5,18,118,87
5,19,168,89
5,20,82,89
5,21,113,89
5,22,130,91
5,23,256,94
5,24,87,93
5,25,89,97
5,26,185,94
5,27,229,95
5,28,39,101
5,29,110,101
5,30,214,103
5,31,107,102
5,32,122,103
5,33,170,104
5,34,41,106
5,35,168,106
5,36,201,109
5,37,121,108
5,38,277,110
5,39,280,110
5,40,254,114
5,41,165,118
5,42,204,126
5,43,70,131
5,44,68,134
5,45,148,136
5,46,233,134
5,47,275,137
5,48,85,137
5,49,125,139
5,50,185,145
5,51,204,153
5,52,136,148
5,53,94,149
5,54,100,150
5,55,288,150
5,56,269,154
5,57,136,157
5,58,310,157
5,59,307,158
5,60,228,175
5,61,119,169
5,62,281,173
5,63,158,172
5,64,214,177
5,65,85,183
5,66,193,185
5,67,212,184
5,68,231,186
5,69,270,192
5,70,260,196
5,71,183,200
5,72,252,205
5,73,105,206
5,74,137,206
5,75,158,211
5,76,201,211
5,77,58,209
5,78,133,210
5,79,123,216
5,80,278,230
5,81,129,234
5,82,220,237
5,83,277,241
5,84,203,240
5,85,72,241
5,86,293,241
5,87,176,243
5,88,200,242
5,89,270,249
5,90,151,250
5,91,169,258
5,92,272,252
5,93,88,255
5,94,233,253
5,95,250,256
5,96,134,256
5,97,237,254
5,98,192,256
5,99,119,260
5,100,191,259
5,101,192,260
5,102,47,261
5,103,57,261
5,104,185,261
5,105,76,269
5,106,218,270
5,107,71,271
5,108,220,273
5,109,265,273
5,110,34,274
5,111,261,276
5,112,221,275
5,113,168,276
5,114,207,277
5,115,165,278
5,116,167,278
5,117,178,283
5,118,51,290
6,0,1,1
6,1,16,1
6,2,47,1
6,3,3,3
6,4,60,3
6,5,88,3
6,6,121,8
6,7,163,25
6,8,161,46
6,9,164,48
6,10,61,52
6,11,141,59
6,12,224,60
6,13,125,62
6,14,235,71
6,15,64,70
6,16,104,70
6,17,113,76
6,18,224,83
6,19,191,83
6,20,192,86
6,21,80,88
6,22,170,89
6,23,251,89
6,24,116,88
6,25,130,94
6,26,93,94
6,27,285,90
6,28,226,95
6,29,112,98
6,30,212,103
6,31,177,105
6,32,178,108
6,33,195,110
6,34,216,108
6,35,163,110
6,36,189,109
6,37,179,110
6,38,172,112
6,39,85,113
6,40,253,114
6,41,86,116
6,42,151,125
6,43,152,127
6,44,70,134
6,45,85,135
6,46,97,138
6,47,278,142
6,48,95,141
6,49,121,143
6,50,92,142
6,51,99,149
6,52,100,151
6,53,190,151
6,54,196,151
6,55,197,152
6,56,205,155
6,57,271,163
6,58,136,159
6,59,235,161
6,60,239,161
6,61,198,165
6,62,161,170
6,63,214,173
6,64,230,178
6,65,40,177
6,66,43,177
6,67,125,179
6,68,187,180
6,69,90,189
6,70,208,190
6,71,43,193
6,72,280,197
6,73,265,201
6,74,137,212
6,75,163,206
6,76,196,207
6,77,250,210
6,78,61,211
6,79,62,214
6,80,80,214
6,81,154,219
6,82,129,218
6,83,112,220
6,84,131,220
6,85,134,220
6,86,140,222
6,87,277,225
6,88,117,226
6,89,127,231
6,90,71,233
6,91,65,236
6,92,281,242
6,93,80,246
6,94,197,248
6,95,179,249
6,96,119,250
6,97,148,250
6,98,150,250
6,99,255,252
6,100,165,253
6,101,269,254
6,102,129,254
6,103,132,256
6,104,55,258
6,105,215,257
6,106,118,264
6,107,49,263
6,108,237,263
6,109,201,262
6,110,176,264
6,111,217,268
6,112,140,270
6,113,177,279
6,114,264,278
6,115,182,280
6,116,268,280
6,117,72,293
6,118,95,300
6,119,171,313
7,0,1,1
7,1,14,1
7,2,39,1
7,3,3,3
7,4,12,3
7,5,52,3
7,6,179,14
7,7,309,26
7,8,90,44
7,9,157,49
7,10,63,50
7,11,137,56
7,12,225,55
7,13,224,64
7,14,120,67
7,15,108,72
7,16,236,79
7,17,66,74
7,18,80,86
7,19,192,85
7,20,117,88
7,21,208,86
7,22,94,91
7,23,170,89
7,24,129,92
7,25,121,92
7,26,248,97
7,27,228,100
7,28,34,102
7,29,165,111
7,30,218,110
7,31,197,112
7,32,90,118
7,33,263,121
7,34,82,128
7,35,80,131
7,36,152,134
7,37,103,134
7,38,66,136
7,39,68,136
7,40,100,136
7,41,85,138
7,42,192,149
7,43,277,147
7,44,46,149
7,45,203,151
7,46,264,154
7,47,115,156
7,48,137,154
7,49,205,154
7,50,197,160
7,51,158,161
7,52,274,165
7,53,235,166
7,54,238,168
7,55,284,172
7,56,232,171
7,57,132,174
7,58,40,173
7,59,215,176
7,60,230,175
7,61,40,178
7,62,189,181
7,63,210,187
7,64,225,190
7,65,87,189
7,66,90,190
7,67,67,194
7,68,286,197
7,69,196,204
7,70,134,209
7,71,159,209
7,72,167,209
7,73,170,208
7,74,269,210
7,75,54,209
7,76,56,209
7,77,247,212
7,78,129,221
7,79,278,232
7,80,121,229
7,81,243,230
7,82,130,234
7,83,67,237
7,84,58,241
7,85,178,244
7,86,258,249
7,87,112,251
7,88,143,249
7,89,89,250
7,90,206,252
7,91,88,253
7,92,130,253
7,93,160,254
7,94,129,256
7,95,197,256
7,96,130,260
7,97,274,260
7,98,19,261
7,99,25,261
7,100,48,261
7,101,20,262
7,102,168,262
7,103,171,263
7,104,173,264
7,105,224,265
7,106,264,265
7,107,53,266
7,108,122,267
7,109,261,271
7,110,72,268
7,111,176,268
7,112,237,268
7,113,97,269
7,114,114,269
7,115,120,269
7,116,76,270
7,117,176,272
7,118,280,286
7,119,214,290
7,120,278,293
7,121,3,301
7,122,125,311
7,123,215,313
8,0,15,1
8,1,64,1
8,2,46,3
8,3,70,3
8,4,245,10
8,5,229,11
8,6,221,12
8,7,121,21
8,8,232,26
8,9,291,26
8,10,75,29
8,11,156,41
8,12,59,48
8,13,133,50
8,14,69,50
8,15,218,62
8,16,121,69
8,17,237,74
8,18,70,73
8,19,100,74
8,20,110,76
8,21,75,83
8,22,90,83
8,23,123,87
8,24,110,85
8,25,115,85
8,26,172,87
8,27,190,90
8,28,29,90
8,29,235,91
8,30,134,95
8,31,287,93
8,32,253,98
8,33,101,102
8,34,199,105
8,35,167,108
8,36,229,109
8,37,215,111
8,38,259,116
8,39,92,119
8,40,280,122
8,41,301,125
8,42,90,131
8,43,156,142
8,44,110,142
8,45,60,140
8,46,64,142
8,47,138,147
8,48,195,152
8,49,276,153
8,50,122,153
8,51,99,158
8,52,269,160
8,53,234,170
8,54,282,170
8,55,159,171
8,56,210,172
8,57,129,172
8,58,41,176
8,59,195,177
8,60,149,178
8,61,116,186
8,62,209,189
8,63,223,195
8,64,87,192
8,65,73,192
8,66,288,195
8,67,62,207
8,68,136,210
8,69,264,210
8,70,186,210
8,71,157,211
8,72,170,211
8,73,244,210
8,74,254,220
8,75,284,226
8,76,128,225
8,77,268,232
8,78,131,231
8,79,132,236
8,80,57,237
8,81,61,238
8,82,65,239
8,83,171,246
8,84,271,248
8,85,205,253
8,86,256,252
8,87,25,253
8,88,45,253
8,89,112,256
8,90,44,258
8,91,126,259
8,92,130,258
8,93,161,258
8,94,105,261
8,95,177,265
8,96,226,264
8,97,260,261
8,98,264,262
8,99,71,267
8,100,119,267
8,101,74,268
8,102,69,269
8,103,120,270
8,104,52,273
8,105,115,273
8,106,166,279
8,107,185,284
8,108,68,309
9,0,1,1
9,1,81,1
9,2,3,3
9,3,80,3
9,4,82,3
9,5,64,42
9,6,157,43
9,7,137,50
9,8,121,59
9,9,237,66
9,10,221,68
9,11,285,66
9,12,68,71
9,13,111,77
9,14,80,73
9,15,122,72
9,16,124,72
9,17,84,74
9,18,109,84
9,19,92,87
9,20,119,88
9,21,32,89
9,22,133,93
9,23,182,94
9,24,233,94
9,25,167,95
9,26,261,98
9,27,109,102
9,28,156,105
9,29,197,105
9,30,213,109
9,31,227,109
9,32,200,108
9,33,177,113
9,34,51,110
9,35,260,113
9,36,92,117
9,37,89,129
9,38,162,140
9,39,111,144
9,40,278,144
9,41,135,147
9,42,197,154
9,43,105,149
9,44,287,157
9,45,272,159
9,46,124,165
9,47,233,165
9,48,157,166
9,49,214,167
9,50,153,169
9,51,128,170
9,52,196,175
9,53,41,175
9,54,284,175
9,55,135,174
9,56,225,179
9,57,44,178
9,58,212,190
9,59,140,190
9,60,290,194
9,61,228,197
9,62,65,194
9,63,212,199
9,64,187,203
9,65,57,204
9,66,247,205
9,67,265,207
9,68,190,206
9,69,164,211
9,70,140,212
9,71,170,210
9,72,254,219
9,73,48,221
9,74,284,227
9,75,131,231
9,76,123,229
9,77,271,241
9,78,169,237
9,79,55,238
9,80,70,238
9,81,55,242
9,82,139,244
9,83,258,249
9,84,65,246
9,85,175,249
9,86,199,252
9,87,177,252
9,88,94,253
9,89,45,254
9,90,91,257
9,91,67,257
9,92,111,257
9,93,154,259
9,94,55,258
9,95,261,261
9,96,123,260
9,97,42,265
9,98,178,270
9,99,224,269
9,100,3,273
9,101,120,274
9,102,180,285
9,103,165,286
9,104,129,285
9,105,63,306
9,106,49,309
9,107,244,310
9,108,243,312
10,0,25,1
10,1,62,1
10,2,32,3
10,3,66,3
10,4,212,18
10,5,204,29
10,6,231,29
10,7,307,29
10,8,153,31
10,9,156,30
10,10,65,35
10,11,207,33
10,12,51,34
10,13,98,46
10,14,131,53
10,15,242,64
10,16,117,79
10,17,218,71
10,18,67,74
10,19,70,77
10,20,72,79
10,21,80,79
10,22,95,82
10,23,180,85
10,24,94,84
10,25,126,84
10,26,27,85
10,27,93,86
10,28,82,89
10,29,131,94
10,30,176,97
10,31,219,102
10,32,264,98
10,33,133,97
10,34,237,101
10,35,157,102
10,36,168,101
10,37,118,106
10,38,199,106
10,39,201,109
10,40,93,113
10,41,204,112
10,42,165,116
10,43,268,115
10,44,96,116
10,45,178,125
10,46,85,126
10,47,112,136
10,48,51,137
10,49,70,139
10,50,155,141
10,51,214,138
10,52,280,140
10,53,291,140
10,54,111,141
10,55,72,142
10,56,108,145
10,57,140,148
10,58,290,148
10,59,3,149
10,60,200,156
10,61,44,154
10,62,288,161
10,63,270,159
10,64,153,163
10,65,121,169
10,66,191,176
10,67,32,173
10,68,213,178
10,69,226,175
10,70,35,176
10,71,128,178
10,72,221,178
10,73,80,185
10,74,229,192
10,75,273,189
10,76,214,194
10,77,209,195
10,78,133,198
10,79,59,202
10,80,185,205
10,81,272,202
10,82,60,204
10,83,296,208
10,84,140,208
10,85,149,211
10,86,57,210
10,87,258,212
10,88,166,213
10,89,128,220
10,90,44,222
10,91,163,222
10,92,277,224
10,93,249,225
10,94,124,226
10,95,69,228
10,96,128,228
10,97,144,231
10,98,71,230
10,99,227,229
10,100,272,237
10,101,56,242
10,102,176,241
10,103,138,249
10,104,259,252
10,105,317,249
10,106,200,254
10,107,271,253
10,108,54,253
10,109,173,254
10,110,120,257
10,111,276,254
10,112,187,257
10,113,13,257
10,114,86,258
10,115,149,261
10,116,186,260
10,117,116,271
10,118,58,264
10,119,152,264
10,120,223,266
10,121,39,266
10,122,42,266
10,123,222,268
10,124,231,271
10,125,171,276
10,126,197,277
10,127,164,288
10,128,185,290
10,129,56,293
10,130,236,313
11,0,19,2
11,1,66,1
11,2,85,2
11,3,118,1
11,4,40,3
11,5,95,3
11,6,183,8
11,7,160,16
11,8,172,22
11,9,65,25
11,10,165,30
11,11,245,51
11,12,133,53
11,13,112,57
11,14,164,57
11,15,118,65
11,16,15,70
11,17,214,73
11,18,69,73
11,19,89,77
11,20,107,75
11,21,73,81
11,22,109,77
11,23,122,83
11,24,92,81
11,25,94,82
11,26,181,86
11,27,29,89
11,28,73,91
11,29,111,93
11,30,133,96
11,31,172,96
11,32,240,100
11,33,265,101
11,34,220,105
11,35,157,105
11,36,203,110
11,37,272,115
11,38,92,117
11,39,171,122
11,40,311,126
11,41,90,132
11,42,113,135
11,43,282,137
11,44,73,138
11,45,145,144
11,46,148,148
11,47,150,149
11,48,198,156
11,49,108,150
11,50,111,151
11,51,292,154
11,52,274,158
11,53,282,161
11,54,271,160
11,55,279,160
11,56,152,165
11,57,154,168
11,58,232,170
11,59,189,176
11,60,40,173
11,61,162,173
11,62,116,175
11,63,123,176
11,64,41,177
11,65,209,181
11,66,225,189
11,67,316,188
11,68,291,190
11,69,85,196
11,70,56,202
11,71,151,202
11,72,195,201
11,73,197,202
11,74,283,201
11,75,139,206
11,76,53,208
11,77,301,214
11,78,148,213
11,79,146,217
11,80,253,221
11,81,278,221
11,82,165,223
11,83,128,225
11,84,39,225
11,85,253,227
11,86,37,228
11,87,72,228
11,88,169,229
11,89,279,235
11,90,148,234
11,91,64,238
11,92,120,238
11,93,58,242
11,94,61,240
11,95,196,244
11,96,250,247
11,97,55,246
11,98,196,253
11,99,52,253
11,100,143,251
11,101,173,252
11,102,280,252
11,103,259,255
11,104,185,257
11,105,188,257
11,106,83,258
11,107,88,258
11,108,171,258
11,109,153,261
11,110,117,267
11,111,40,262
11,112,41,266
11,113,225,274
11,114,178,281
11,115,192,277
11,116,233,281
11,117,71,281
11,118,173,282
11,119,206,288
11,120,161,297
11,121,164,297
11,122,166,300
11,123,105,310
12,0,26,1
12,1,45,1
12,2,100,1
12,3,123,1
12,4,148,1
12,5,167,1
12,6,32,3
12,7,84,3
12,8,120,3
12,9,164,3
12,10,160,14
12,11,60,27
12,12,262,48
12,13,245,51
12,14,130,53
12,15,114,65
12,16,118,68
12,17,109,75
12,18,71,77
12,19,92,73
12,20,215,74
12,21,123,82
12,22,181,90
12,23,30,90
12,24,112,95
12,25,137,92
12,26,32,92
12,27,76,94
12,28,175,97
12,29,242,95
12,30,238,99
12,31,269,99
12,32,120,98
12,33,225,101
12,34,157,106
12,35,215,109
12,36,207,114
12,37,268,118
12,38,89,118
12,39,176,121
12,40,92,120
12,41,171,121
12,42,146,131
12,43,108,133
12,44,143,136
12,45,93,135
12,46,282,139
12,47,74,141
12,48,253,145
12,49,150,149
12,50,196,152
12,51,294,151
12,52,109,154
12,53,112,154
12,54,224,158
12,55,152,161
12,56,270,164
12,57,200,166
12,58,233,165
12,59,285,166
12,60,43,176
12,61,120,174
12,62,183,174
12,63,176,177
12,64,196,179
12,65,207,180
12,66,226,187
12,67,283,194
12,68,87,197
12,69,169,197
12,70,196,197
12,71,153,201
12,72,200,201
12,73,201,202
12,74,57,207
12,75,293,205
12,76,292,206
12,77,278,211
12,78,60,210
12,79,143,213
12,80,296,216
12,81,130,219
12,82,175,220
12,83,244,219
12,84,69,220
12,85,72,220
12,86,70,223
12,87,169,223
12,88,32,224
12,89,165,228
12,90,255,229
12,91,150,229
12,92,203,229
12,93,15,233
12,94,176,233
12,95,63,234
12,96,285,237
12,97,61,243
12,98,194,243
12,99,254,246
12,100,280,248
12,101,145,248
12,102,53,258
12,103,177,260
12,104,260,260
12,105,108,259
12,106,45,261
12,107,89,261
12,108,120,265
12,109,188,262
12,110,230,275
12,111,170,280
12,112,182,287
12,113,199,290
12,114,311,292
12,115,169,295
12,116,310,293
12,117,103,305
12,118,147,311
12,119,155,313
13,0,3,1
13,1,47,1
13,2,111,1
13,3,127,1
13,4,156,1
13,5,9,3
13,6,28,3
13,7,84,3
13,8,100,3
13,9,116,3
13,10,124,3
13,11,164,3
13,12,222,3
13,13,158,12
13,14,161,16
13,15,179,17
13,16,317,25
13,17,61,27
13,18,187,33
13,19,235,50
13,20,157,50
13,21,316,52
13,22,115,53
13,23,126,58
13,24,113,58
13,25,108,61
13,26,92,70
13,27,74,75
13,28,97,72
13,29,105,75
13,30,217,75
13,31,120,84
13,32,32,85
13,33,141,87
13,34,144,85
13,35,175,89
13,36,106,89
13,37,181,90
13,38,232,94
13,39,103,93
13,40,74,96
13,41,118,98
13,42,275,104
13,43,80,105
13,44,155,107
13,45,92,114
13,46,207,116
13,47,305,124
13,48,174,129
13,49,146,129
13,50,143,132
13,51,107,134
13,52,111,134
13,53,92,137
13,54,197,146
13,55,72,142
13,56,281,145
13,57,105,148
13,58,147,146
13,59,298,149
13,60,150,148
13,61,198,172
13,62,282,162
13,63,144,162
13,64,263,165
13,65,153,167
13,66,233,167
13,67,119,176
13,68,221,182
13,69,154,195
13,70,199,193
13,71,226,194
13,72,85,197
13,73,192,197
13,74,290,213
13,75,144,212
13,76,59,213
13,77,277,216
13,78,129,216
13,79,182,217
13,80,247,222
13,81,67,233
13,82,103,225
13,83,145,228
13,84,162,229
13,85,282,240
13,86,44,241
13,87,48,242
13,88,291,242
13,89,293,242
13,90,294,244
13,91,195,255
13,92,140,248
13,93,254,253
13,94,53,254
13,95,136,254
13,96,147,257
13,97,149,259
13,98,168,258
13,99,88,258
13,100,41,260
13,101,40,261
13,102,115,264
13,103,119,268
13,104,13,270
13,105,48,270
13,106,225,271
13,107,203,273
13,108,76,282
13,109,244,281
13,110,224,282
13,111,228,282
13,112,168,285
13,113,202,289
13,114,167,290
13,115,162,294
13,116,101,294
13,117,134,301
13,118,111,302
14,0,1,1
14,1,56,1
14,2,89,1
14,3,135,1
14,4,166,7
14,5,3,3
14,6,32,3
14,7,48,3
14,8,64,3
14,9,86,3
14,10,93,3
14,11,124,3
14,12,194,3
14,13,210,3
14,14,64,15
14,15,316,24
14,16,285,25
14,17,299,38
14,18,237,47
14,19,128,55
14,20,112,55
14,21,109,66
14,22,90,70
14,23,220,74
14,24,108,74
14,25,74,82
14,26,104,77
14,27,138,77
14,28,184,81
14,29,115,90
14,30,35,83
14,31,238,88
14,32,145,87
14,33,170,87
14,34,265,104
14,35,278,107
14,36,157,109
14,37,67,109
14,38,90,113
14,39,207,114
14,40,180,121
14,41,97,136
14,42,173,134
14,43,209,134
14,44,142,138
14,45,193,137
14,46,113,140
14,47,280,138
14,48,70,142
14,49,105,146
14,50,293,153
14,51,279,162
14,52,263,163
14,53,191,166
14,54,234,162
14,55,161,167
14,56,233,175
14,57,132,173
14,58,118,178
14,59,199,179
14,60,44,180
14,61,41,181
14,62,193,186
14,63,221,189
14,64,200,192
14,65,154,195
14,66,201,194
14,67,87,194
14,68,85,196
14,69,45,199
14,70,200,198
14,71,143,202
14,72,142,204
14,73,171,205
14,74,141,206
14,75,175,208
14,76,24,209
14,77,175,214
14,78,278,214
14,79,63,213
14,80,128,217
14,81,19,217
14,82,291,219
14,83,123,219
14,84,249,223
14,85,289,221
14,86,69,224
14,87,87,225
14,88,145,228
14,89,277,225
14,90,67,233
14,91,163,233
14,92,269,238
14,93,289,238
14,94,53,241
14,95,291,242
14,96,193,245
14,97,55,244
14,98,308,245
14,99,56,246
14,100,249,250
14,101,43,252
14,102,162,258
14,103,121,255
14,104,140,254
14,105,261,258
14,106,119,260
14,107,141,260
14,108,248,260
14,109,90,263
14,110,195,265
14,111,114,266
14,112,94,264
14,113,131,266
14,114,125,267
14,115,225,269
14,116,54,268
14,117,182,274
14,118,181,281
14,119,229,282
14,120,166,285
14,121,188,286
14,122,164,288
14,123,156,290
14,124,162,290
14,125,91,293
15,0,28,1
15,1,49,1
15,2,82,1
15,3,115,1
15,4,145,1
15,5,160,8
15,6,235,2
15,7,16,3
15,8,60,3
15,9,78,3
15,10,151,3
15,11,204,3
15,12,225,41
15,13,233,46
15,14,114,47
15,15,130,49
15,16,101,57
15,17,161,57
15,18,114,66
15,19,68,67
15,20,310,69
15,21,86,74
15,22,104,80
15,23,216,75
15,24,121,80
15,25,80,80
15,26,184,82
15,27,151,87
15,28,237,89
15,29,172,89
15,30,74,91
15,31,39,90
15,32,113,96
15,33,240,96
15,34,207,107
15,35,156,105
15,36,265,107
15,37,85,111
15,38,182,117
15,39,172,125
15,40,143,136
15,41,108,139
15,42,72,139
15,43,207,141
15,44,273,144
15,45,189,145
15,46,289,147
15,47,281,150
15,48,197,158
15,49,293,157
15,50,281,162
15,51,244,161
15,52,267,164
15,53,182,166
15,54,166,167
15,55,161,169
15,56,205,172
15,57,193,172
15,58,136,176
15,59,237,175
15,60,202,175
15,61,197,179
15,62,100,182
15,63,49,186
15,64,121,185
15,65,154,185
15,66,87,188
15,67,222,192
15,68,45,188
15,69,85,190
15,70,90,192
15,71,162,195
15,72,197,198
15,73,295,193
15,74,117,196
15,75,46,197
15,76,98,200
15,77,136,204
15,78,175,213
15,79,15,213
15,80,211,213
15,81,68,215
15,82,283,217
15,83,16,217
15,84,248,222
15,85,291,219
15,86,129,222
15,87,144,227
15,88,151,230
15,89,264,236
15,90,83,235
15,91,63,238
15,92,291,243
15,93,253,248
15,94,189,249
15,95,51,248
15,96,137,251
15,97,46,253
15,98,168,254
15,99,41,255
15,100,165,256
15,101,261,259
15,102,111,257
15,103,53,259
15,104,115,261
15,105,159,261
15,106,122,260
15,107,198,267
15,108,52,265
15,109,300,265
15,110,205,266
15,111,16,269
15,112,99,269
15,113,284,272
15,114,228,272
15,115,113,273
15,116,109,274
15,117,225,277
15,118,281,274
15,119,288,274
15,120,185,281
15,121,166,283
15,122,23,285
15,123,162,287
15,124,166,288
15,125,169,290
15,126,112,292
15,127,71,297
15,128,259,298
15,129,291,309
16,0,1,1
16,1,25,2
16,2,37,2
16,3,73,2
16,4,104,1
16,5,164,1
16,6,3,3
16,7,267,9
16,8,161,13
16,9,65,16
16,10,261,13
16,11,255,15
16,12,307,16
16,13,308,18
16,14,309,20
16,15,317,26
16,16,226,41
16,17,116,45
16,18,128,49
16,19,106,61
16,20,68,64
16,21,86,72
16,22,110,71
16,23,218,74
16,24,122,78
16,25,185,77
16,26,105,76
16,27,108,82
16,28,234,86
16,29,46,85
16,30,176,89
16,31,115,93
16,32,163,99
16,33,273,97
16,34,74,96
16,35,238,98
16,36,254,105
16,37,203,109
16,38,98,110
16,39,183,121
16,40,85,121
16,41,54,122
16,42,88,124
16,43,152,127
16,44,173,126
16,45,77,132
16,46,104,136
16,47,105,139
16,48,117,139
16,49,95,140
16,50,146,141
16,51,198,148
16,52,103,142
16,53,143,142
16,54,281,146
16,55,176,150
16,56,36,154
16,57,166,155
16,58,164,157
16,59,201,165
16,60,215,157
16,61,233,161
16,62,264,162
16,63,184,168
16,64,265,166
16,65,268,168
16,66,283,171
16,67,245,173
16,68,136,173
16,69,55,181
16,70,199,181
16,71,232,184
16,72,200,184
16,73,155,185
16,74,199,186
16,75,43,188
16,76,196,196
16,77,209,188
16,78,123,189
16,79,45,190
16,80,48,191
16,81,50,194
16,82,227,195
16,83,165,199
16,84,147,210
16,85,175,216
16,86,145,212
16,87,275,220
16,88,132,222
16,89,257,223
16,90,153,223
16,91,268,221
16,92,290,221
16,93,294,227
16,94,69,226
16,95,141,235
16,96,61,236
16,97,160,237
16,98,263,240
16,99,2,238
16,100,52,241
16,101,198,243
16,102,296,245
16,103,195,247
16,104,255,249
16,105,51,248
16,106,39,252
16,107,134,253
16,108,120,257
16,109,48,257
16,110,169,258
16,111,109,263
16,112,257,262
16,113,167,262
16,114,262,262
16,115,165,267
16,116,47,266
16,117,199,269
16,118,90,272
16,119,225,276
16,120,114,275
16,121,93,276
16,122,165,283
16,123,248,281
16,124,303,281
16,125,183,282
16,126,184,285
16,127,157,298
16,128,122,301
16,129,184,303
16,130,188,306
16,131,229,316
17,0,19,1
17,1,32,1
17,2,63,6
17,3,88,1
17,4,157,2
17,5,179,1
17,6,18,3
17,7,20,3
17,8,108,3
17,9,134,3
17,10,209,3
17,11,161,10
17,12,259,17
17,13,165,29
17,14,171,31
17,15,218,40
17,16,119,50
17,17,59,68
17,18,104,70
17,19,218,68
17,20,86,75
17,21,63,70
17,22,128,74
17,23,187,75
17,24,196,77
17,25,118,84
17,26,124,77
17,27,151,78
17,28,47,80
17,29,111,80
17,30,241,85
17,31,180,86
17,32,81,91
17,33,272,91
17,34,231,99
17,35,198,101
17,36,161,101
17,37,110,103
17,38,252,104
17,39,204,113
17,40,49,114
17,41,174,124
17,42,80,128
17,43,145,130
17,44,80,132
17,45,178,130
17,46,150,132
17,47,98,139
17,48,123,142
17,49,195,146
17,50,240,142
17,51,145,146
17,52,275,147
17,53,157,155
17,54,201,161
17,55,143,165
17,56,189,169
17,57,273,165
17,58,217,170
17,59,283,175
17,60,242,178
17,61,235,182
17,62,89,185
17,63,129,185
17,64,198,191
17,65,130,188
17,66,228,189
17,67,50,189
17,68,283,189
17,69,24,190
17,70,146,195
17,71,44,194
17,72,75,194
17,73,256,202
17,74,180,213
17,75,123,217
17,76,152,220
17,77,61,218
17,78,172,222
17,79,15,220
17,80,258,226
17,81,278,224
17,82,292,225
17,83,176,226
17,84,60,228
17,85,142,235
17,86,55,234
17,87,58,234
17,88,297,240
17,89,228,238
17,90,264,243
17,91,197,244
17,92,53,245
17,93,65,246
17,94,254,252
17,95,37,250
17,96,177,254
17,97,107,253
17,98,132,253
17,99,40,254
17,100,109,256
17,101,120,257
17,102,49,261
17,103,199,264
17,104,260,261
17,105,291,261
17,106,109,266
17,107,218,269
17,108,93,270
17,109,110,276
17,110,133,275
17,111,229,277
17,112,228,279
17,113,155,281
17,114,188,280
17,115,227,280
17,116,158,282
17,117,163,283
17,118,167,286
17,119,184,286
17,120,85,297
17,121,299,297
17,122,40,298
17,123,157,298
17,124,155,300
17,125,153,301
17,126,251,312
18,0,42,1
18,1,109,1
18,2,137,2
18,3,160,1
18,4,182,1
18,5,200,1
18,6,104,3
18,7,114,3
18,8,176,3
18,9,68,10
18,10,160,13
18,11,166,37
18,12,99,37
18,13,307,41
18,14,222,48
18,15,30,49
18,16,121,51
18,17,267,54
18,18,220,64
18,19,98,69
18,20,65,73
18,21,124,77
18,22,197,77
18,23,84,82
18,24,235,80
18,25,49,83
18,26,180,88
18,27,273,91
18,28,159,96
18,29,125,94
18,30,111,98
18,31,251,100
18,32,233,105
18,33,201,109
18,34,236,110
18,35,83,122
18,36,179,129
18,37,144,138
18,38,78,133
18,39,76,137
18,40,101,140
18,41,202,142
18,42,71,140
18,43,277,143
18,44,127,144
18,45,188,149
18,46,129,148
18,47,198,159
18,48,153,158
18,49,269,163
18,50,146,168
18,51,190,171
18,52,251,173
18,53,236,174
18,54,282,177
18,55,129,183
18,56,47,181
18,57,289,182
18,58,84,188
18,59,193,195
18,60,50,193
18,61,133,193
18,62,145,201
18,63,131,204
18,64,272,205
18,65,180,216
18,66,120,217
18,67,13,217
18,68,16,218
18,69,154,221
18,70,248,218
18,71,273,221
18,72,258,226
18,73,170,226
18,74,297,227
18,75,277,226
18,76,63,231
18,77,204,229
18,78,140,237
18,79,298,241
18,80,68,241
18,81,65,242
18,82,262,247
18,83,51,247
18,84,191,252
18,85,169,250
18,86,268,248
18,87,38,250
18,88,134,256
18,89,154,260
18,90,106,260
18,91,88,258
18,92,204,260
18,93,210,258
18,94,220,261
18,95,123,263
18,96,47,262
18,97,259,263
18,98,109,264
18,99,257,265
18,100,110,266
18,101,116,274
18,102,93,276
18,103,186,277
18,104,162,279
18,105,233,282
18,106,158,283
18,107,239,284
18,108,156,285
18,109,162,298
19,0,66,4
19,1,110,1
19,2,14,3
19,3,41,3
19,4,96,3
19,5,116,3
19,6,310,8
19,7,166,15
19,8,298,21
19,9,59,25
19,10,165,29
19,11,251,42
19,12,114,47
19,13,125,46
19,14,108,49
19,15,226,52
19,16,224,61
19,17,91,58
19,18,95,68
19,19,65,65
19,20,68,71
19,21,128,72
19,22,33,77
19,23,82,78
19,24,125,87
19,25,196,81
19,26,178,83
19,27,236,82
19,28,52,85
19,29,273,89
19,30,257,89
19,31,77,89
19,32,160,96
19,33,111,93
19,34,251,96
19,35,241,98
19,36,232,102
19,37,199,108
19,38,229,106
19,39,271,113
19,40,85,117
19,41,226,122
19,42,172,126
19,43,144,128
19,44,159,128
19,45,184,135
19,46,138,138
19,47,278,143
19,48,29,141
19,49,97,142
19,50,79,142
19,51,198,150
19,52,129,147
19,53,109,148
19,54,105,152
19,55,155,152
19,56,153,157
19,57,299,158
19,58,233,161
19,59,272,164
19,60,189,168
19,61,145,168
19,62,252,172
19,63,81,173
19,64,92,174
19,65,234,178
19,66,280,181
19,67,136,181
19,68,49,190
19,69,85,189
19,70,200,191
19,71,195,192
19,72,191,200
19,73,52,196
19,74,144,199
19,75,232,202
19,76,125,210
19,77,115,218
19,78,82,219
19,79,109,217
19,80,184,220
19,81,156,220
19,82,261,225
19,83,312,222
19,84,276,225
19,85,131,225
19,86,173,227
19,87,141,229
19,88,61,229
19,89,62,230
19,90,249,233
19,91,302,237
19,92,265,244
19,93,175,241
19,94,70,244
19,95,194,255
19,96,11,249
19,97,50,250
19,98,100,255
19,99,171,253
19,100,153,257
19,101,172,256
19,102,136,258
19,103,211,258
19,104,47,260
19,105,223,261
19,106,103,260
19,107,311,261
19,108,45,262
19,109,105,262
19,110,127,266
19,111,265,268
19,112,90,272
19,113,293,270
19,114,184,275
19,115,212,274
19,116,41,278
19,117,164,281
19,118,233,285
19,119,161,296
19,120,128,312
19,121,249,312
20,0,80,1
20,1,115,2
20,2,154,1
20,3,182,1
20,4,9,3
20,5,74,3
20,6,88,3
20,7,96,3
20,8,152,3
20,9,216,3
20,10,13,10
20,11,249,10
20,12,172,12
20,13,71,13
20,14,207,13
20,15,303,14
20,16,165,17
20,17,33,25
20,18,120,39
20,19,128,47
20,20,220,51
20,21,96,66
20,22,224,57
20,23,225,61
20,24,309,69
20,25,128,74
20,26,180,76
20,27,198,80
20,28,86,79
20,29,238,81
20,30,67,81
20,31,88,82
20,32,89,86
20,33,157,89
20,34,118,92
20,35,153,89
20,36,277,93
20,37,58,95
20,38,262,94
20,39,160,99
20,40,197,107
20,41,222,113
20,42,83,113
20,43,85,114
20,44,279,118
20,45,140,126
20,46,169,133
20,47,185,130
20,48,201,138
20,49,144,140
20,50,79,142
20,51,96,144
20,52,129,147
20,53,197,169
20,54,279,148
20,55,241,146
20,56,111,149
20,57,271,149
20,58,9,151
20,59,152,157
20,60,261,164
20,61,265,167
20,62,153,169
20,63,253,173
20,64,242,183
20,65,282,183
20,66,141,187
20,67,145,188
20,68,86,195
20,69,198,196
20,70,56,200
20,71,140,200
20,72,225,206
20,73,189,213
20,74,227,210
20,75,230,212
20,76,247,212
20,77,20,214
20,78,77,215
20,79,80,214
20,80,112,215
20,81,261,217
20,82,15,216
20,83,62,219
20,84,281,222
20,85,166,223
20,86,190,222
20,87,153,228
20,88,179,229
20,89,133,229
20,90,138,230
20,91,297,233
20,92,249,234
20,93,25,233
20,94,267,235
20,95,72,241
20,96,46,248
20,97,136,251
20,98,197,253
20,99,205,251
20,100,35,252
20,101,103,254
20,102,108,255
20,103,135,254
20,104,140,254
20,105,52,257
20,106,159,257
20,107,126,259
20,108,164,258
20,109,169,260
20,110,51,262
20,111,128,262
20,112,228,265
20,113,266,268
20,114,85,271
20,115,182,269
20,116,156,276
20,117,183,276
20,118,63,281
20,119,228,282
20,120,29,282
20,121,230,284
20,122,191,290
20,123,156,292
20,124,135,297
21,0,1,1
21,1,61,2
21,2,115,2
21,3,188,1
21,4,222,1
21,5,3,3
21,6,91,3
21,7,65,11
21,8,167,13
21,9,168,14
21,10,167,18
21,11,115,37
21,12,126,37
21,13,193,41
21,14,152,42
21,15,221,45
21,16,128,49
21,17,23,50
21,18,222,57
21,19,92,66
21,20,43,65
21,21,126,67
21,22,128,70
21,23,182,75
21,24,85,77
21,25,160,80
21,26,235,80
21,27,279,78
21,28,69,83
21,29,203,87
21,30,119,93
21,31,279,89
21,32,60,92
21,33,259,97
21,34,93,97
21,35,160,98
21,36,197,107
21,37,235,106
21,38,43,109
21,39,222,112
21,40,77,117
21,41,204,121
21,42,308,122
21,43,140,127
21,44,161,129
21,45,177,132
21,46,147,139
21,47,75,143
21,48,90,144
21,49,267,148
21,50,126,146
21,51,109,149
21,52,199,167
21,53,288,150
21,54,76,150
21,55,104,152
21,56,157,159
21,57,257,162
21,58,39,165
21,59,163,175
21,60,252,176
21,61,19,178
21,62,248,185
21,63,146,185
21,64,310,182
21,65,51,188
21,66,281,189
21,67,111,190
21,68,190,198
21,69,141,198
21,70,81,199
21,71,183,207
21,72,230,209
21,73,76,212
21,74,10,216
21,75,61,217
21,76,95,213
21,77,264,216
21,78,109,218
21,79,185,225
21,80,133,226
21,81,156,224
21,82,279,229
21,83,176,227
21,84,169,231
21,85,259,236
21,86,306,236
21,87,84,234
21,88,303,238
21,89,72,241
21,90,300,240
21,91,40,248
21,92,129,246
21,93,197,254
21,94,106,251
21,95,51,255
21,96,54,256
21,97,177,262
21,98,136,263
21,99,158,262
21,100,135,264
21,101,231,266
21,102,129,266
21,103,185,267
21,104,257,269
21,105,106,268
21,106,88,270
21,107,295,273
21,108,103,280
21,109,155,277
21,110,145,278
21,111,152,287
21,112,228,283
21,113,229,291
21,114,183,297
21,115,229,305
21,116,145,314
22,0,8,1
22,1,146,1
22,2,191,1
22,3,118,3
22,4,170,3
22,5,221,3
22,6,170,10
22,7,61,13
22,8,223,21
22,9,48,22
22,10,51,22
22,11,261,25
22,12,299,33
22,13,121,45
22,14,219,48
22,15,185,51
22,16,228,58
22,17,95,69
22,18,181,70
22,19,104,69
22,20,128,72
22,21,84,75
22,22,233,76
22,23,82,78
22,24,163,83
22,25,236,80
22,26,200,87
22,27,120,87
22,28,67,88
22,29,115,93
22,30,268,88
22,31,60,90
22,32,267,89
22,33,270,89
22,34,275,92
22,35,264,90
22,36,57,92
22,37,234,92
22,38,96,99
22,39,167,98
22,40,263,102
22,41,198,108
22,42,123,107
22,43,212,110
22,44,292,113
22,45,80,118
22,46,172,121
22,47,267,122
22,48,137,128
22,49,103,133
22,50,155,137
22,51,268,133
22,52,77,145
22,53,90,146
22,54,143,145
22,55,145,148
22,56,105,146
22,57,272,148
22,58,108,148
22,59,203,151
22,60,297,151
22,61,267,151
22,62,130,154
22,63,263,153
22,64,126,154
22,65,260,158
22,66,194,165
22,67,158,165
22,68,252,171
22,69,165,173
22,70,305,177
22,71,243,187
22,72,281,187
22,73,145,191
22,74,185,193
22,75,199,199
22,76,87,200
22,77,43,200
22,78,184,203
22,79,221,201
22,80,46,202
22,81,233,204
22,82,109,205
22,83,227,209
22,84,59,213
22,85,129,214
22,86,259,216
22,87,12,216
22,88,12,220
22,89,287,221
22,90,77,222
22,91,107,222
22,92,151,227
22,93,184,226
22,94,167,230
22,95,255,231
22,96,128,230
22,97,275,231
22,98,239,230
22,99,310,237
22,100,293,237
22,101,72,237
22,102,73,240
22,103,36,241
22,104,104,246
22,105,196,249
22,106,109,250
22,107,169,250
22,108,41,257
22,109,161,259
22,110,186,270
22,111,283,261
22,112,97,265
22,113,224,265
22,114,260,266
22,115,79,266
22,116,130,267
22,117,139,268
22,118,78,269
22,119,35,273
22,120,102,275
22,121,32,277
22,122,144,281
22,123,146,283
22,124,231,286
22,125,156,293
22,126,156,297
22,127,132,298
22,128,69,301
22,129,129,309
22,130,133,309
22,131,60,312
22,132,199,312
22,133,3,317
22,134,1,318
23,0,1,1
23,1,14,1
23,2,46,1
23,3,64,1
23,4,90,1
23,5,175,1
23,6,206,1
23,7,3,3
23,8,73,3
23,9,84,3
23,10,132,3
23,11,172,13
23,12,63,18
23,13,216,47
23,14,123,48
23,15,305,53
23,16,229,62
23,17,130,69
23,18,90,72
23,19,182,71
23,20,234,77
23,21,163,85
23,22,76,85
23,23,114,86
23,24,201,88
23,25,92,86
23,26,276,91
23,27,56,90
23,28,118,98
23,29,165,99
23,30,215,101
23,31,102,104
23,32,199,105
23,33,128,106
23,34,261,106
23,35,49,111
23,36,211,111
23,37,205,116
23,38,193,118
23,39,79,119
23,40,176,121
23,41,134,123
23,42,157,132
23,43,103,145
23,44,77,146
23,45,90,146
23,46,196,148
23,47,107,148
23,48,148,150
23,49,301,151
23,50,263,154
23,51,201,152
23,52,205,154
23,53,126,160
23,54,194,165
23,55,153,166
23,56,258,177
23,57,245,183
23,58,145,188
23,59,64,185
23,60,182,187
23,61,36,189
23,62,201,193
23,63,279,195
23,64,56,201
23,65,45,200
23,66,86,202
23,67,200,201
23,68,46,202
23,69,62,204
23,70,297,208
23,71,187,208
23,72,305,207
23,73,185,210
23,74,229,213
23,75,97,214
23,76,259,217
23,77,95,220
23,78,72,221
23,79,170,221
23,80,147,224
23,81,166,224
23,82,81,225
23,83,284,228
23,84,181,226
23,85,134,230
23,86,254,232
23,87,304,230
23,88,306,233
23,89,159,237
23,90,75,238
23,91,257,243
23,92,196,247
23,93,102,247
23,94,36,246
23,95,41,246
23,96,207,249
23,97,208,254
23,98,44,257
23,99,161,261
23,100,135,266
23,101,229,266
23,102,264,267
23,103,85,267
23,104,184,266
23,105,306,266
23,106,188,269
23,107,108,269
23,108,98,270
23,109,145,270
23,110,37,274
23,111,183,278
23,112,143,283
23,113,97,282
23,114,237,286
23,115,167,288
23,116,153,297
23,117,159,297
23,118,156,298
23,119,43,306
23,120,132,313
24,0,3,1
24,1,65,2
24,2,91,1
24,3,113,1
24,4,137,1
24,5,9,3
24,6,176,3
24,7,99,5
24,8,176,13
24,9,64,18
24,10,68,20
24,11,274,24
24,12,120,39
24,13,241,37
24,14,214,43
24,15,120,52
24,16,224,56
24,17,147,57
24,18,132,67
24,19,129,69
24,20,90,74
24,21,184,73
24,22,268,73
24,23,233,81
24,24,110,83
24,25,200,85
24,26,281,84
24,27,169,86
24,28,78,88
24,29,95,86
24,30,96,89
24,31,54,89
24,32,303,94
24,33,161,97
24,34,109,101
24,35,101,102
24,36,126,105
24,37,199,111
24,38,264,111
24,39,84,121
24,40,128,124
24,41,181,124
24,42,157,132
24,43,80,142
24,44,92,145
24,45,148,147
24,46,271,147
24,47,302,146
24,48,186,149
24,49,200,151
24,50,104,151
24,51,103,154
24,52,106,154
24,53,153,160
24,54,235,157
24,55,192,166
24,56,264,162
24,57,24,160
24,58,124,162
24,59,156,171
24,60,260,175
24,61,295,177
24,62,144,185
24,63,249,185
24,64,179,191
24,65,38,190
24,66,149,190
24,67,192,199
24,68,52,195
24,69,279,197
24,70,257,205
24,71,55,205
24,72,289,202
24,73,89,205
24,74,230,207
24,75,216,208
24,76,61,213
24,77,91,214
24,78,177,224
24,79,147,219
24,80,16,221
24,81,149,222
24,82,284,229
24,83,80,226
24,84,309,229
24,85,84,228
24,86,247,233
24,87,128,232
24,88,76,234
24,89,164,235
24,90,76,239
24,91,161,238
24,92,259,246
24,93,101,248
24,94,202,250
24,95,39,249
24,96,45,255
24,97,84,259
24,98,268,261
24,99,108,264
24,100,142,265
24,101,269,265
24,102,166,266
24,103,185,266
24,104,147,269
24,105,198,271
24,106,39,271
24,107,150,270
24,108,100,273
24,109,177,276
24,110,144,283
24,111,163,284
24,112,109,285
24,113,285,285
24,114,231,289
24,115,233,291
24,116,235,292
24,117,154,306
24,118,39,309
25,0,13,1
25,1,108,1
25,2,116,3
25,3,192,3
25,4,171,10
25,5,125,35
25,6,216,45
25,7,189,47
25,8,124,49
25,9,217,59
25,10,171,62
25,11,134,68
25,12,82,69
25,13,98,72
25,14,88,72
25,15,113,76
25,16,109,76
25,17,190,79
25,18,204,81
25,19,288,81
25,20,165,84
25,21,72,86
25,22,90,87
25,23,168,88
25,24,229,92
25,25,19,93
25,26,157,100
25,27,50,102
25,28,109,103
25,29,198,104
25,30,132,105
25,31,263,113
25,32,204,112
25,33,279,117
25,34,187,124
25,35,85,124
25,36,126,127
25,37,159,128
25,38,272,126
25,39,91,141
25,40,269,144
25,41,79,142
25,42,78,144
25,43,77,146
25,44,110,151
25,45,300,151
25,46,56,150
25,47,196,155
25,48,151,153
25,49,124,161
25,50,156,169
25,51,262,169
25,52,187,169
25,53,106,168
25,54,192,174
25,55,32,177
25,56,53,178
25,57,248,182
25,58,123,185
25,59,158,185
25,60,142,187
25,61,155,189
25,62,43,192
25,63,164,192
25,64,177,195
25,65,193,199
25,66,52,194
25,67,283,204
25,68,256,205
25,69,92,209
25,70,55,208
25,71,235,210
25,72,81,214
25,73,83,215
25,74,178,223
25,75,76,222
25,76,147,223
25,77,285,227
25,78,304,227
25,79,133,237
25,80,74,239
25,81,155,237
25,82,177,237
25,83,245,239
25,84,42,242
25,85,261,245
25,86,203,251
25,87,106,249
25,88,44,253
25,89,48,253
25,90,268,260
25,91,110,262
25,92,208,264
25,93,43,265
25,94,138,265
25,95,168,265
25,96,195,269
25,97,213,269
25,98,25,269
25,99,188,272
25,100,97,273
25,101,182,276
25,102,185,274
25,103,92,276
25,104,137,279
25,105,88,278
25,106,147,278
25,107,150,278
25,108,247,281
25,109,179,290
25,110,226,294
25,111,32,298
25,112,153,309
25,113,299,310
25,114,125,314
26,0,1,1
26,1,34,1
26,2,74,1
26,3,127,2
26,4,197,1
26,5,3,3
26,6,16,3
26,7,60,3
26,8,181,3
26,9,162,12
26,10,69,13
26,11,117,30
26,12,120,34
26,13,222,39
26,14,73,46
26,15,151,46
26,16,125,49
26,17,216,61
26,18,90,68
26,19,125,66
26,20,76,76
26,21,109,76
26,22,101,80
26,23,182,83
26,24,281,83
26,25,167,84
26,26,77,84
26,27,226,89
26,28,119,88
26,29,205,90
26,30,123,93
26,31,127,93
26,32,88,94
26,33,90,94
26,34,122,95
26,35,282,97
26,36,106,98
26,37,201,105
26,38,96,101
26,39,100,101
26,40,159,105
26,41,129,107
26,42,47,106
26,43,261,111
26,44,86,116
26,45,124,125
26,46,189,125
26,47,166,131
26,48,3,137
26,49,94,142
26,50,261,143
26,51,74,142
26,52,188,145
26,53,106,147
26,54,123,145
26,55,299,147
26,56,144,149
26,57,205,149
26,58,76,148
26,59,187,161
26,60,126,161
26,61,155,165
26,62,149,167
26,63,264,173
26,64,193,173
26,65,254,181
26,66,143,189
26,67,201,189
26,68,169,194
26,69,53,194
26,70,286,201
26,71,95,201
26,72,94,203
26,73,191,205
26,74,92,205
26,75,261,206
26,76,61,208
26,77,136,213
26,78,237,215
26,79,64,214
26,80,68,215
26,81,144,219
26,82,80,218
26,83,287,226
26,84,78,220
26,85,74,223
26,86,179,226
26,87,273,228
26,88,159,231
26,89,303,233
26,90,135,234
26,91,239,235
26,92,71,239
26,93,200,249
26,94,261,250
26,95,114,249
26,96,192,248
26,97,212,248
26,98,267,253
26,99,45,260
26,100,105,262
26,101,189,266
26,102,246,262
26,103,88,264
26,104,141,266
26,105,165,266
26,106,43,267
26,107,92,266
26,108,208,268
26,109,243,266
26,110,275,270
26,111,186,272
26,112,182,274
26,113,137,278
26,114,147,280
26,115,49,283
26,116,37,285
26,117,222,296
26,118,229,316
27,0,31,1
27,1,78,1
27,2,154,11
27,3,115,10
27,4,68,14
27,5,291,13
27,6,118,27
27,7,131,29
27,8,135,29
27,9,223,41
27,10,114,47
27,11,222,57
27,12,14,62
27,13,128,64
27,14,128,68
27,15,267,69
27,16,86,74
27,17,108,81
27,18,297,79
27,19,77,82
27,20,180,84
27,21,285,85
27,22,205,89
27,23,221,89
27,24,164,90
27,25,119,91
27,26,92,90
27,27,92,94
27,28,106,98
27,29,162,106
27,30,132,109
27,31,202,112
27,32,47,108
27,33,261,112
27,34,165,110
27,35,168,117
27,36,297,117
27,37,169,124
27,38,194,127
27,39,312,126
27,40,129,130
27,41,243,130
27,42,151,133
27,43,46,137
27,44,93,142
27,45,77,144
27,46,293,144
27,47,205,145
27,48,317,144
27,49,108,146
27,50,258,149
27,51,187,149
27,52,140,152
27,53,191,152
27,54,196,161
27,55,194,154
27,56,154,155
27,57,149,160
27,58,124,161
27,59,261,169
27,60,177,166
27,61,252,174
27,62,51,181
27,63,146,188
27,64,208,188
27,65,174,189
27,66,107,189
27,67,179,189
27,68,152,192
27,69,156,194
27,70,58,194
27,71,287,200
27,72,194,199
27,73,191,204
27,74,55,203
27,75,257,206
27,76,59,212
27,77,93,207
27,78,144,216
27,79,239,226
27,80,170,223
27,81,76,224
27,82,53,228
27,83,294,229
27,84,266,226
27,85,186,227
27,86,138,232
27,87,161,232
27,88,77,238
27,89,201,244
27,90,264,243
27,91,110,246
27,92,135,244
27,93,260,248
27,94,204,256
27,95,139,259
27,96,211,261
27,97,5,263
27,98,140,262
27,99,166,263
27,100,35,265
27,101,36,266
27,102,107,268
27,103,182,272
27,104,95,272
27,105,205,273
27,106,85,270
27,107,143,274
27,108,267,273
27,109,148,276
27,110,151,277
27,111,117,278
27,112,81,284
27,113,119,284
27,114,218,292
27,115,96,305
27,116,149,311
28,0,1,1
28,1,37,1
28,2,67,2
28,3,101,1
28,4,162,1
28,5,192,1
28,6,3,3
28,7,80,3
28,8,134,3
28,9,154,3
28,10,248,3
28,11,29,28
28,12,133,31
28,13,131,34
28,14,215,43
28,15,76,49
28,16,113,50
28,17,116,50
28,18,91,64
28,19,133,63
28,20,283,77
28,21,85,80
28,22,110,81
28,23,164,85
28,24,188,88
28,25,200,88
28,26,91,90
28,27,202,90
28,28,117,97
28,29,226,99
28,30,161,102
28,31,113,102
28,32,130,108
28,33,88,109
28,34,41,111
28,35,256,112
28,36,205,115
28,37,165,118
28,38,192,125
28,39,130,129
28,40,285,137
28,41,72,139
28,42,203,148
28,43,72,144
28,44,22,146
28,45,92,149
28,46,111,150
28,47,151,153
28,48,186,152
28,49,253,149
28,50,292,149
28,51,63,157
28,52,128,163
28,53,260,161
28,54,262,163
28,55,265,164
28,56,174,166
28,57,204,167
28,58,268,178
28,59,250,177
28,60,205,181
28,61,145,182
28,62,260,181
28,63,157,190
28,64,58,193
28,65,179,195
28,66,241,194
28,67,194,200
28,68,289,200
28,69,255,205
28,70,88,204
28,71,64,205
28,72,198,212
28,73,58,216
28,74,88,210
28,75,235,213
28,76,141,218
28,77,19,218
28,78,69,222
28,79,22,220
28,80,84,221
28,81,160,224
28,82,302,227
28,83,231,229
28,84,284,231
28,85,50,229
28,86,140,232
28,87,179,230
28,88,81,230
28,89,84,230
28,90,47,231
28,91,185,232
28,92,35,237
28,93,110,244
28,94,77,244
28,95,106,246
28,96,112,246
28,97,258,249
28,98,269,250
28,99,204,252
28,100,72,257
28,101,145,257
28,102,43,260
28,103,209,260
28,104,83,264
28,105,141,262
28,106,165,268
28,107,214,267
28,108,176,268
28,109,107,268
28,110,44,271
28,111,100,270
28,112,200,270
28,113,148,276
28,114,71,285
28,115,217,292
28,116,244,294
28,117,220,296
28,118,149,306
28,119,152,307
28,120,189,306
28,121,229,314
29,0,19,1
29,1,41,2
29,2,60,3
29,3,145,1
29,4,163,1
29,5,104,3
29,6,122,3
29,7,142,3
29,8,184,3
29,9,192,3
29,10,311,25
29,11,214,42
29,12,134,41
29,13,115,48
29,14,159,46
29,15,86,57
29,16,124,62
29,17,91,70
29,18,284,73
29,19,81,80
29,20,107,80
29,21,160,86
29,22,186,87
29,23,203,88
29,24,97,92
29,25,230,94
29,26,123,102
29,27,155,101
29,28,309,105
29,29,87,112
29,30,218,109
29,31,165,115
29,32,207,115
29,33,39,114
29,34,258,117
29,35,188,119
29,36,222,122
29,37,129,126
29,38,96,126
29,39,284,131
29,40,230,129
29,41,186,136
29,42,188,138
29,43,164,138
29,44,304,141
29,45,71,143
29,46,95,147
29,47,204,149
29,48,18,146
29,49,181,149
29,50,258,150
29,51,110,154
29,52,139,154
29,53,141,154
29,54,154,158
29,55,108,157
29,56,264,158
29,57,296,158
29,58,126,161
29,59,200,165
29,60,49,167
29,61,170,173
29,62,200,180
29,63,245,179
29,64,265,183
29,65,147,184
29,66,61,193
29,67,160,193
29,68,184,193
29,69,285,200
29,70,198,201
29,71,254,202
29,72,129,203
29,73,87,205
29,74,13,206
29,75,85,209
29,76,191,209
29,77,56,213
29,78,148,215
29,79,62,216
29,80,148,220
29,81,52,223
29,82,267,221
29,83,161,225
29,84,22,224
29,85,72,225
29,86,181,228
29,87,71,226
29,88,307,228
29,89,279,231
29,90,84,228
29,91,232,233
29,92,225,238
29,93,135,238
29,94,138,239
29,95,198,241
29,96,254,243
29,97,69,242
29,98,72,243
29,99,74,242
29,100,267,247
29,101,74,246
29,102,110,248
29,103,146,256
29,104,148,254
29,105,131,257
29,106,212,262
29,107,36,262
29,108,141,265
29,109,81,266
29,110,139,267
29,111,79,269
29,112,165,271
29,113,178,271
29,114,96,270
29,115,190,275
29,116,228,270
29,117,35,274
29,118,145,275
29,119,215,281
29,120,146,282
29,121,305,284
29,122,218,300
29,123,148,305
30,0,1,1
30,1,64,6
30,2,86,1
30,3,159,3
30,4,3,3
30,5,26,3
30,6,84,3
30,7,3,37
30,8,136,39
30,9,214,49
30,10,113,47
30,11,180,45
30,12,91,55
30,13,121,62
30,14,289,73
30,15,247,73
30,16,81,78
30,17,107,82
30,18,192,85
30,19,160,85
30,20,102,84
30,21,92,97
30,22,99,86
30,23,169,90
30,24,80,92
30,25,126,101
30,26,201,92
30,27,78,93
30,28,235,96
30,29,160,98
30,30,264,104
30,31,51,105
30,32,32,109
30,33,201,108
30,34,169,115
30,35,211,116
30,36,184,117
30,37,283,121
30,38,128,123
30,39,20,126
30,40,190,141
30,41,63,140
30,42,73,143
30,43,272,141
30,44,208,149
30,45,93,146
30,46,177,148
30,47,159,149
30,48,238,149
30,49,257,155
30,50,39,153
30,51,113,155
30,52,164,153
30,53,166,154
30,54,142,160
30,55,264,156
30,56,128,160
30,57,177,166
30,58,88,166
30,59,192,170
30,60,269,172
30,61,198,170
30,62,11,177
30,63,200,187
30,64,61,182
30,65,150,184
30,66,247,185
30,67,182,189
30,68,64,190
30,69,164,193
30,70,295,196
30,71,166,195
30,72,168,196
30,73,249,204
30,74,192,206
30,75,82,207
30,76,138,206
30,77,213,209
30,78,264,210
30,79,51,216
30,80,306,220
30,81,175,230
30,82,159,226
30,83,54,225
30,84,77,227
30,85,16,228
30,86,283,232
30,87,245,237
30,88,220,235
30,89,133,233
30,90,72,237
30,91,62,238
30,92,71,239
30,93,264,241
30,94,106,247
30,95,202,248
30,96,145,254
30,97,55,253
30,98,212,257
30,99,206,262
30,100,36,266
30,101,275,266
30,102,171,271
30,103,137,268
30,104,140,270
30,105,37,272
30,106,98,274
30,107,187,277
30,108,36,274
30,109,109,277
30,110,35,276
30,111,71,279
30,112,239,285
30,113,71,291
30,114,142,301
30,115,214,304
30,116,147,306
31,0,1,1
31,1,47,1
31,2,65,4
31,3,79,1
31,4,102,1
31,5,119,2
31,6,205,1
31,7,247,1
31,8,3,3
31,9,52,3
31,10,60,3
31,11,140,3
31,12,200,3
31,13,304,9
31,14,156,13
31,15,129,37
31,16,264,36
31,17,89,45
31,18,211,45
31,19,90,46
31,20,316,48
31,21,111,50
31,22,114,50
31,23,209,61
31,24,11,61
31,25,121,64
31,26,289,72
31,27,51,70
31,28,81,77
31,29,98,78
31,30,182,81
31,31,97,80
31,32,98,82
31,33,107,85
31,34,133,88
31,35,161,87
31,36,78,88
31,37,96,90
31,38,76,90
31,39,200,95
31,40,234,94
31,41,160,97
31,42,89,98
31,43,274,98
31,44,263,103
31,45,213,104
31,46,89,102
31,47,129,102
31,48,132,102
31,49,121,106
31,50,82,107
31,51,180,109
31,52,37,110
31,53,81,110
31,54,210,116
31,55,288,116
31,56,166,117
31,57,189,118
31,58,130,118
31,59,122,121
31,60,116,126
31,61,189,137
31,62,36,141
31,63,41,141
31,64,73,144
31,65,216,146
31,66,258,147
31,67,204,149
31,68,164,152
31,69,110,155
31,70,140,157
31,71,178,159
31,72,124,161
31,73,129,161
31,74,256,164
31,75,196,173
31,76,273,169
31,77,148,175
31,78,150,177
31,79,259,178
31,80,62,185
31,81,171,190
31,82,196,192
31,83,121,197
31,84,243,201
31,85,35,202
31,86,84,203
31,87,283,205
31,88,137,206
31,89,66,211
31,90,288,208
31,91,186,211
31,92,298,213
31,93,49,214
31,94,190,214
31,95,302,214
31,96,82,218
31,97,49,218
31,98,281,229
31,99,24,222
31,100,26,224
31,101,171,225
31,102,158,228
31,103,174,227
31,104,52,229
31,105,133,230
31,106,83,232
31,107,136,232
31,108,244,235
31,109,175,234
31,110,174,235
31,111,215,237
31,112,68,238
31,113,218,240
31,114,261,242
31,115,51,242
31,116,63,242
31,117,50,245
31,118,204,245
31,119,203,248
31,120,94,250
31,121,285,250
31,122,101,252
31,123,135,258
31,124,217,262
31,125,201,266
31,126,75,264
31,127,179,274
31,128,32,266
31,129,108,266
31,130,137,269
31,131,140,269
31,132,73,279
31,133,109,277
31,134,58,278
31,135,111,280
31,136,112,282
31,137,235,284
31,138,27,286
31,139,43,289
31,140,202,289
31,141,226,298
31,142,145,302
31,143,142,304
31,144,56,305
31,145,211,314
32,0,20,1
32,1,34,1
32,2,70,3
32,3,98,1
32,4,208,3
32,5,154,9
32,6,84,26
32,7,129,32
32,8,90,44
32,9,210,45
32,10,121,49
32,11,208,59
32,12,223,57
32,13,120,65
32,14,293,68
32,15,181,73
32,16,70,76
32,17,88,76
32,18,108,82
32,19,243,81
32,20,164,85
32,21,132,86
32,22,79,86
32,23,80,89
32,24,96,90
32,25,129,90
32,26,137,98
32,27,156,97
32,28,221,99
32,29,89,101
32,30,81,101
32,31,201,103
32,32,268,105
32,33,117,110
32,34,87,112
32,35,210,114
32,36,75,112
32,37,192,114
32,38,31,114
32,39,287,120
32,40,220,118
32,41,173,121
32,42,125,124
32,43,183,136
32,44,260,139
32,45,119,141
32,46,193,143
32,47,113,148
32,48,82,146
32,49,207,150
32,50,180,159
32,51,135,159
32,52,258,165
32,53,127,164
32,54,274,170
32,55,196,169
32,56,201,175
32,57,156,176
32,58,311,177
32,59,254,180
32,60,209,184
32,61,60,185
32,62,176,188
32,63,61,188
32,64,197,193
32,65,169,195
32,66,241,198
32,67,280,199
32,68,112,197
32,69,86,201
32,70,64,205
32,71,133,205
32,72,184,207
32,73,11,205
32,74,304,210
32,75,84,213
32,76,85,214
32,77,50,216
32,78,286,220
32,79,226,220
32,80,161,225
32,81,28,222
32,82,32,222
32,83,135,224
32,84,49,227
32,85,277,230
32,86,173,230
32,87,222,231
32,88,88,233
32,89,244,236
32,90,65,233
32,91,140,237
32,92,53,244
32,93,263,244
32,94,196,248
32,95,46,246
32,96,90,248
32,97,135,255
32,98,196,262
32,99,256,262
32,100,192,266
32,101,208,269
32,102,170,272
32,103,184,269
32,104,187,269
32,105,30,271
32,106,144,273
32,107,110,274
32,108,35,275
32,109,37,276
32,110,134,277
32,111,178,278
32,112,73,284
32,113,93,286
32,114,149,303
32,115,129,302
32,116,295,308
32,117,217,311
32,118,213,316
33,0,64,3
33,1,88,1
33,2,116,1
33,3,139,1
33,4,168,1
33,5,193,1
33,6,210,1
33,7,52,3
33,8,84,3
33,9,108,3
33,10,164,3
33,11,188,3
33,12,213,9
33,13,160,13
33,14,280,13
33,15,183,18
33,16,123,42
33,17,119,45
33,18,94,48
33,19,207,51
33,20,130,55
33,21,224,60
33,22,121,65
33,23,297,67
33,24,209,68
33,25,87,74
33,26,180,74
33,27,74,78
33,28,106,79
33,29,129,83
33,30,139,84
33,31,83,87
33,32,171,87
33,33,211,94
33,34,100,94
33,35,153,97
33,36,230,97
33,37,90,98
33,38,195,102
33,39,134,102
33,40,262,103
33,41,85,110
33,42,212,112
33,43,124,120
33,44,189,119
33,45,38,118
33,46,173,121
33,47,284,121
33,48,256,139
33,49,205,147
33,50,78,148
33,51,109,151
33,52,132,159
33,53,178,161
33,54,224,159
33,55,278,163
33,56,255,165
33,57,204,175
33,58,253,178
33,59,153,181
33,60,123,181
33,61,171,183
33,62,173,185
33,63,202,190
33,64,62,191
33,65,284,193
33,66,164,193
33,67,91,199
33,68,183,198
33,69,233,205
33,70,289,210
33,71,128,215
33,72,302,214
33,73,288,214
33,74,58,218
33,75,160,223
33,76,45,225
33,77,172,226
33,78,32,226
33,79,241,233
33,80,169,229
33,81,280,232
33,82,225,240
33,83,263,239
33,84,54,241
33,85,177,241
33,86,40,242
33,87,53,242
33,88,264,245
33,89,124,246
33,90,128,246
33,91,103,247
33,92,126,248
33,93,200,253
33,94,252,253
33,95,198,257
33,96,159,258
33,97,182,261
33,98,27,260
33,99,203,269
33,100,171,274
33,101,121,274
33,102,92,280
33,103,111,277
33,104,139,281
33,105,40,278
33,106,75,284
33,107,183,294
33,108,193,298
33,109,251,301
33,110,149,304
33,111,221,305
33,112,281,312
33,113,70,316
34,0,31,1
34,1,54,1
34,2,90,1
34,3,108,1
34,4,133,1
34,5,189,1
34,6,48,3
34,7,96,3
34,8,104,3
34,9,64,9
34,10,147,9
34,11,64,14
34,12,150,16
34,13,122,51
34,14,245,45
34,15,269,45
34,16,90,49
34,17,92,53
34,18,39,53
34,19,206,55
34,20,96,56
34,21,181,68
34,22,77,70
34,23,79,70
34,24,208,75
34,25,293,75
34,26,73,79
34,27,90,89
34,28,20,82
34,29,114,84
34,30,170,85
34,31,136,84
34,32,116,86
34,33,133,86
34,34,148,91
34,35,193,95
34,36,228,97
34,37,207,98
34,38,205,101
34,39,262,102
34,40,90,109
34,41,3,113
34,42,214,116
34,43,133,114
34,44,136,114
34,45,40,117
34,46,185,124
34,47,285,121
34,48,122,126
34,49,133,128
34,50,256,130
34,51,21,141
34,52,78,141
34,53,197,143
34,54,77,144
34,55,216,146
34,56,208,147
34,57,73,150
34,58,129,154
34,59,136,152
34,60,112,154
34,61,260,154
34,62,173,158
34,63,273,164
34,64,234,165
34,65,252,173
34,66,188,169
34,67,76,176
34,68,158,179
34,69,205,180
34,70,175,185
34,71,181,190
34,72,36,189
34,73,279,193
34,74,209,195
34,75,165,197
34,76,84,202
34,77,240,209
34,78,295,209
34,79,130,213
34,80,56,213
34,81,52,216
34,82,29,221
34,83,302,222
34,84,47,222
34,85,167,227
34,86,246,227
34,87,47,226
34,88,281,235
34,89,88,230
34,90,49,230
34,91,85,232
34,92,177,239
34,93,53,238
34,94,227,240
34,95,239,241
34,96,196,247
34,97,45,246
34,98,265,250
34,99,76,250
34,100,15,253
34,101,58,253
34,102,24,254
34,103,179,259
34,104,198,267
34,105,161,270
34,106,243,268
34,107,172,273
34,108,179,274
34,109,146,276
34,110,76,277
34,111,96,277
34,112,136,280
34,113,92,280
34,114,104,285
34,115,152,301
34,116,221,305
34,117,316,311
34,118,295,313
35,0,19,1
35,1,45,2
35,2,64,1
35,3,139,1
35,4,160,1
35,5,193,1
35,6,18,3
35,7,20,3
35,8,114,3
35,9,188,3
35,10,306,8
35,11,68,11
35,12,143,17
35,13,146,19
35,14,236,18
35,15,288,24
35,16,212,34
35,17,164,42
35,18,117,45
35,19,85,46
35,20,295,50
35,21,119,56
35,22,211,53
35,23,73,58
35,24,288,64
35,25,86,67
35,26,177,70
35,27,308,68
35,28,21,70
35,29,209,74
35,30,70,80
35,31,113,87
35,32,178,86
35,33,130,88
35,34,89,93
35,35,230,90
35,36,145,93
35,37,197,94
35,38,256,97
35,39,203,96
35,40,208,98
35,41,92,102
35,42,55,104
35,43,22,105
35,44,44,112
35,45,46,114
35,46,62,114
35,47,84,116
35,48,133,116
35,49,216,119
35,50,132,122
35,51,183,125
35,52,116,123
35,53,252,126
35,54,281,125
35,55,73,126
35,56,284,128
35,57,3,131
35,58,197,137
35,59,69,146
35,60,209,145
35,61,108,148
35,62,166,149
35,63,179,157
35,64,125,155
35,65,269,163
35,66,135,162
35,67,184,169
35,68,253,173
35,69,160,177
35,70,250,179
35,71,198,183
35,72,247,182
35,73,186,189
35,74,279,188
35,75,70,194
35,76,161,193
35,77,289,195
35,78,204,198
35,79,89,200
35,80,103,201
35,81,85,205
35,82,126,210
35,83,244,215
35,84,111,213
35,85,56,214
35,86,108,214
35,87,293,220
35,88,134,218
35,89,32,221
35,90,205,222
35,91,51,225
35,92,167,231
35,93,48,228
35,94,297,228
35,95,88,231
35,96,285,235
35,97,120,237
35,98,121,239
35,99,245,243
35,100,48,242
35,101,228,243
35,102,173,242
35,103,223,244
35,104,202,249
35,105,181,254
35,106,269,254
35,107,75,254
35,108,177,255
35,109,37,257
35,110,193,262
35,111,29,266
35,112,159,266
35,113,168,270
35,114,141,270
35,115,143,272
35,116,69,275
35,117,51,276
35,118,206,277
35,119,96,278
35,120,101,278
35,121,178,281
35,122,231,281
35,123,104,288
35,124,131,293
35,125,20,301
35,126,225,305
35,127,152,310
35,128,156,310
35,129,21,313
35,130,65,313
36,0,14,1
36,1,58,2
36,2,143,1
36,3,12,3
36,4,17,3
36,5,81,3
36,6,153,14
36,7,149,14
36,8,102,41
36,9,114,52
36,10,90,46
36,11,216,49
36,12,283,60
36,13,72,61
36,14,309,61
36,15,90,67
36,16,205,71
36,17,76,70
36,18,55,73
36,19,112,73
36,20,182,77
36,21,85,76
36,22,128,77
36,23,63,77
36,24,66,78
36,25,177,85
36,26,225,85
36,27,116,85
36,28,90,89
36,29,82,92
36,30,88,90
36,31,206,97
36,32,140,93
36,33,256,94
36,34,41,94
36,35,97,98
36,36,240,102
36,37,81,113
36,38,252,117
36,39,118,116
36,40,221,116
36,41,53,114
36,42,132,121
36,43,182,123
36,44,299,117
36,45,276,129
36,46,196,132
36,47,64,135
36,48,280,134
36,49,119,138
36,50,218,141
36,51,202,147
36,52,110,146
36,53,180,148
36,54,299,149
36,55,184,150
36,56,124,157
36,57,161,153
36,58,179,166
36,59,261,167
36,60,200,178
36,61,160,179
36,62,240,181
36,63,186,181
36,64,183,182
36,65,281,187
36,66,166,191
36,67,192,191
36,68,65,190
36,69,205,192
36,70,73,194
36,71,208,194
36,72,81,198
36,73,89,203
36,74,123,204
36,75,242,203
36,76,272,207
36,77,294,217
36,78,35,216
36,79,238,219
36,80,43,225
36,81,169,231
36,82,85,229
36,83,119,231
36,84,286,235
36,85,52,233
36,86,224,236
36,87,48,236
36,88,244,243
36,89,248,246
36,90,184,247
36,91,185,249
36,92,186,250
36,93,204,253
36,94,70,254
36,95,272,258
36,96,127,262
36,97,156,264
36,98,191,264
36,99,164,269
36,100,146,269
36,101,145,272
36,102,128,276
36,103,105,274
36,104,141,276
36,105,196,278
36,106,68,278
36,107,104,278
36,108,199,280
36,109,122,285
36,110,176,285
36,111,181,288
36,112,31,289
36,113,239,289
36,114,106,292
36,115,185,292
36,116,75,297
36,117,291,304
36,118,159,307
36,119,225,306
36,120,93,314
37,0,1,1
37,1,76,3
37,2,3,3
37,3,25,3
37,4,100,3
37,5,168,3
37,6,194,3
37,7,288,10
37,8,146,14
37,9,239,33
37,10,88,37
37,11,113,42
37,12,115,44
37,13,120,48
37,14,215,48
37,15,285,56
37,16,88,61
37,17,6,61
37,18,66,63
37,19,212,76
37,20,64,76
37,21,61,78
37,22,131,77
37,23,225,81
37,24,176,84
37,25,276,82
37,26,116,85
37,27,252,90
37,28,49,89
37,29,84,94
37,30,48,91
37,31,47,93
37,32,134,94
37,33,209,100
37,34,163,98
37,35,15,105
37,36,247,111
37,37,221,113
37,38,56,115
37,39,114,114
37,40,128,118
37,41,175,122
37,42,87,121
37,43,185,118
37,44,273,125
37,45,91,126
37,46,129,126
37,47,196,132
37,48,64,134
37,49,199,134
37,50,73,145
37,51,184,143
37,52,180,148
37,53,205,149
37,54,109,153
37,55,121,154
37,56,164,157
37,57,131,156
37,58,134,158
37,59,117,167
37,60,260,169
37,61,173,171
37,62,157,178
37,63,196,182
37,64,248,185
37,65,170,189
37,66,283,193
37,67,259,192
37,68,85,199
37,69,71,197
37,70,68,198
37,71,114,200
37,72,242,204
37,73,52,209
37,74,124,214
37,75,295,219
37,76,245,221
37,77,37,227
37,78,52,233
37,79,78,227
37,80,170,230
37,81,121,229
37,82,224,233
37,83,117,233
37,84,297,236
37,85,281,236
37,86,21,235
37,87,254,242
37,88,80,242
37,89,208,247
37,90,182,251
37,91,102,252
37,92,84,257
37,93,77,258
37,94,193,262
37,95,155,266
37,96,277,269
37,97,66,271
37,98,84,269
37,99,50,276
37,100,140,273
37,101,143,273
37,102,191,274
37,103,139,276
37,104,222,277
37,105,112,278
37,106,223,291
37,107,220,293
37,108,245,293
37,109,186,296
37,110,216,294
37,111,121,309
37,112,191,311
38,0,24,1
38,1,67,2
38,2,152,4
38,3,124,3
38,4,179,34
38,5,89,37
38,6,28,37
38,7,214,41
38,8,114,43
38,9,32,46
38,10,288,49
38,11,71,49
38,12,197,49
38,13,82,51
38,14,120,57
38,15,84,58
38,16,67,68
38,17,133,68
38,18,69,70
38,19,212,73
38,20,67,73
38,21,65,78
38,22,156,81
38,23,225,85
38,24,123,85
38,25,177,86
38,26,255,87
38,27,88,90
38,28,77,94
38,29,127,97
38,30,221,98
38,31,202,101
38,32,215,104
38,33,122,114
38,34,241,113
38,35,65,114
38,36,64,115
38,37,188,117
38,38,270,121
38,39,295,122
38,40,176,128
38,41,61,132
38,42,135,129
38,43,131,130
38,44,104,133
38,45,201,137
38,46,215,144
38,47,89,141
38,48,69,149
38,49,117,150
38,50,123,151
38,51,183,158
38,52,129,156
38,53,112,156
38,54,166,159
38,55,113,159
38,56,123,167
38,57,268,168
38,58,91,169
38,59,170,174
38,60,182,177
38,61,160,177
38,62,197,179
38,63,158,179
38,64,41,186
38,65,266,186
38,66,285,189
38,67,173,190
38,68,190,193
38,69,246,195
38,70,290,192
38,71,90,195
38,72,65,194
38,73,79,197
38,74,198,200
38,75,81,200
38,76,245,203
38,77,110,206
38,78,244,205
38,79,58,206
38,80,59,208
38,81,292,220
38,82,116,218
38,83,279,221
38,84,243,227
38,85,220,229
38,86,58,229
38,87,73,230
38,88,173,231
38,89,35,231
38,90,79,231
38,91,298,232
38,92,80,233
38,93,115,234
38,94,205,233
38,95,290,234
38,96,81,234
38,97,278,237
38,98,163,237
38,99,165,239
38,100,46,239
38,101,248,241
38,102,45,240
38,103,182,246
38,104,208,251
38,105,264,257
38,106,82,260
38,107,84,260
38,108,273,263
38,109,155,267
38,110,185,266
38,111,27,262
38,112,100,265
38,113,77,268
38,114,308,269
38,115,138,270
38,116,119,276
38,117,111,277
38,118,48,278
38,119,128,280
38,120,125,282
38,121,109,293
38,122,189,293
38,123,194,296
38,124,222,302
38,125,165,311
38,126,154,315
39,0,45,1
39,1,74,1
39,2,99,1
39,3,121,1
39,4,205,1
39,5,32,3
39,6,176,3
39,7,204,3
39,8,206,3
39,9,153,8
39,10,192,22
39,11,301,34
39,12,115,41
39,13,85,47
39,14,294,49
39,15,218,50
39,16,88,52
39,17,128,53
39,18,285,65
39,19,206,68
39,20,60,72
39,21,64,79
39,22,253,81
39,23,118,84
39,24,224,83
39,25,82,82
39,26,172,86
39,27,80,85
39,28,200,93
39,29,86,92
39,30,215,97
39,31,78,98
39,32,134,99
39,33,285,98
39,34,123,102
39,35,240,113
39,36,69,114
39,37,129,117
39,38,184,117
39,39,116,117
39,40,87,122
39,41,90,124
39,42,176,131
39,43,269,131
39,44,61,132
39,45,134,132
39,46,204,138
39,47,217,147
39,48,72,146
39,49,134,149
39,50,157,149
39,51,120,153
39,52,156,150
39,53,182,159
39,54,112,157
39,55,115,156
39,56,158,161
39,57,121,168
39,58,164,169
39,59,266,169
39,60,181,170
39,61,172,175
39,62,197,185
39,63,18,185
39,64,173,191
39,65,243,189
39,66,282,194
39,67,82,196
39,68,108,198
39,69,193,200
39,70,55,203
39,71,248,205
39,72,145,209
39,73,275,213
39,74,116,214
39,75,117,215
39,76,291,218
39,77,237,217
39,78,241,218
39,79,244,220
39,80,51,224
39,81,295,224
39,82,272,225
39,83,40,226
39,84,308,226
39,85,172,232
39,86,79,231
39,87,219,235
39,88,116,234
39,89,170,236
39,90,41,239
39,91,60,238
39,92,115,238
39,93,165,241
39,94,284,241
39,95,180,244
39,96,87,242
39,97,250,248
39,98,211,257
39,99,291,257
39,100,84,258
39,101,83,260
39,102,275,262
39,103,82,262
39,104,159,267
39,105,186,269
39,106,29,266
39,107,251,269
39,108,98,269
39,109,73,270
39,110,136,270
39,111,106,273
39,112,135,274
39,113,110,276
39,114,137,276
39,115,125,278
39,116,127,280
39,117,112,289
39,118,187,289
39,119,190,290
39,120,177,293
39,121,310,296
39,122,216,302
39,123,147,310
39,124,179,312
40,0,32,1
40,1,71,1
40,2,103,2
40,3,172,1
40,4,203,1
40,5,154,6
40,6,254,3
40,7,239,18
40,8,269,26
40,9,122,34
40,10,294,46
40,11,113,46
40,12,84,49
40,13,219,55
40,14,134,55
40,15,131,58
40,16,206,68
40,17,225,76
40,18,61,74
40,19,76,80
40,20,78,80
40,21,253,82
40,22,176,87
40,23,292,82
40,24,111,87
40,25,82,92
40,26,137,92
40,27,196,96
40,28,222,97
40,29,241,111
40,30,303,110
40,31,119,115
40,32,134,114
40,33,192,117
40,34,71,124
40,35,93,127
40,36,183,129
40,37,55,129
40,38,165,131
40,39,132,130
40,40,136,130
40,41,267,133
40,42,208,139
40,43,73,139
40,44,17,142
40,45,124,150
40,46,134,150
40,47,217,152
40,48,180,155
40,49,133,152
40,50,120,153
40,51,107,162
40,52,269,163
40,53,168,172
40,54,16,170
40,55,119,173
40,56,120,176
40,57,201,183
40,58,268,180
40,59,259,185
40,60,123,189
40,61,83,190
40,62,84,192
40,63,250,197
40,64,267,192
40,65,174,194
40,66,286,196
40,67,189,198
40,68,56,201
40,69,79,201
40,70,196,200
40,71,109,202
40,72,296,203
40,73,294,204
40,74,293,206
40,75,58,208
40,76,292,214
40,77,120,213
40,78,245,218
40,79,242,220
40,80,169,236
40,81,286,230
40,82,41,230
40,83,58,230
40,84,79,230
40,85,49,237
40,86,118,238
40,87,161,237
40,88,218,240
40,89,47,239
40,90,277,241
40,91,44,241
40,92,189,241
40,93,253,244
40,94,293,242
40,95,184,244
40,96,209,253
40,97,86,258
40,98,266,261
40,99,83,260
40,100,160,262
40,101,75,265
40,102,24,269
40,103,164,268
40,104,189,270
40,105,106,269
40,106,141,270
40,107,103,272
40,108,45,273
40,109,125,278
40,110,192,287
40,111,207,285
40,112,113,290
40,113,191,290
40,114,148,307
40,115,309,306
40,116,59,309
40,117,152,310
40,118,210,310
40,119,214,310
40,120,124,313
41,0,25,1
41,1,65,1
41,2,77,1
41,3,103,1
41,4,121,1
41,5,154,3
41,6,191,1
41,7,12,3
41,8,49,37
41,9,129,41
41,10,289,45
41,11,84,46
41,12,118,46
41,13,92,46
41,14,220,57
41,15,132,61
41,16,205,63
41,17,292,61
41,18,70,69
41,19,74,74
41,20,225,77
41,21,76,78
41,22,245,81
41,23,109,83
41,24,176,86
41,25,297,83
41,26,137,90
41,27,198,92
41,28,80,95
41,29,113,93
41,30,223,97
41,31,95,96
41,32,81,100
41,33,295,105
41,34,232,108
41,35,141,111
41,36,121,117
41,37,199,119
41,38,124,120
41,39,184,123
41,40,301,122
41,41,70,125
41,42,136,126
41,43,169,130
41,44,99,129
41,45,59,129
41,46,58,131
41,47,56,133
41,48,70,136
41,49,265,139
41,50,206,138
41,51,69,138
41,52,68,140
41,53,134,142
41,54,178,149
41,55,216,155
41,56,120,156
41,57,106,157
41,58,194,157
41,59,191,160
41,60,163,164
41,61,268,164
41,62,177,179
41,63,234,165
41,64,91,169
41,65,159,175
41,66,200,179
41,67,24,178
41,68,268,182
41,69,120,183
41,70,198,184
41,71,311,185
41,72,286,192
41,73,83,193
41,74,248,197
41,75,179,196
41,76,80,197
41,77,172,197
41,78,193,202
41,79,53,206
41,80,112,208
41,81,95,209
41,82,29,213
41,83,129,214
41,84,289,217
41,85,56,218
41,86,241,221
41,87,36,221
41,88,37,224
41,89,285,227
41,90,32,230
41,91,53,234
41,92,121,236
41,93,172,238
41,94,204,233
41,95,278,235
41,96,297,239
41,97,213,246
41,98,189,240
41,99,82,248
41,100,175,243
41,101,254,245
41,102,41,248
41,103,220,247
41,104,177,257
41,105,265,265
41,106,159,266
41,107,47,265
41,108,188,268
41,109,20,271
41,110,72,270
41,111,106,270
41,112,303,269
41,113,176,273
41,114,105,274
41,115,140,274
41,116,115,278
41,117,126,280
41,118,125,282
41,119,194,284
41,120,112,286
41,121,94,288
41,122,48,301
41,123,149,302
41,124,209,307
41,125,105,309
42,0,61,1
42,1,111,1
42,2,158,5
42,3,16,3
42,4,92,3
42,5,124,3
42,6,310,9
42,7,277,22
42,8,288,39
42,9,124,40
42,10,195,38
42,11,117,41
42,12,177,42
42,13,85,46
42,14,220,55
42,15,201,61
42,16,132,64
42,17,74,70
42,18,229,76
42,19,73,81
42,20,112,82
42,21,245,82
42,22,179,86
42,23,228,90
42,24,136,89
42,25,194,91
42,26,271,89
42,27,181,90
42,28,168,94
42,29,78,97
42,30,126,101
42,31,220,104
42,32,234,110
42,33,121,114
42,34,143,115
42,35,198,117
42,36,181,120
42,37,69,119
42,38,66,128
42,39,250,121
42,40,55,125
42,41,98,127
42,42,167,128
42,43,107,129
42,44,133,132
42,45,208,137
42,46,260,137
42,47,263,139
42,48,130,142
42,49,97,141
42,50,55,142
42,51,174,146
42,52,72,145
42,53,214,150
42,54,106,153
42,55,199,153
42,56,217,154
42,57,120,157
42,58,268,160
42,59,156,161
42,60,178,171
42,61,162,173
42,62,297,178
42,63,269,181
42,64,195,181
42,65,180,186
42,66,198,184
42,67,57,187
42,68,117,190
42,69,255,190
42,70,287,192
42,71,121,191
42,72,190,193
42,73,253,195
42,74,76,197
42,75,87,198
42,76,25,201
42,77,55,203
42,78,243,202
42,79,245,205
42,80,190,205
42,81,110,205
42,82,227,205
42,83,105,209
42,84,287,215
42,85,114,214
42,86,36,216
42,87,195,217
42,88,35,218
42,89,57,218
42,90,223,221
42,91,239,226
42,92,36,227
42,93,286,230
42,94,179,232
42,95,119,234
42,96,213,236
42,97,56,234
42,98,191,234
42,99,273,240
42,100,298,239
42,101,41,238
42,102,257,242
42,103,311,241
42,104,164,242
42,105,169,242
42,106,83,243
42,107,85,245
42,108,172,244
42,109,173,246
42,110,256,246
42,111,46,248
42,112,212,251
42,113,80,252
42,114,239,254
42,115,159,262
42,116,192,263
42,117,263,264
42,118,177,267
42,119,268,266
42,120,157,267
42,121,71,268
42,122,17,269
42,123,154,269
42,124,45,273
42,125,105,274
42,126,141,274
42,127,186,273
42,128,253,277
42,129,107,278
42,130,109,280
42,131,111,283
42,132,194,284
42,133,150,295
42,134,148,298
42,135,209,301
42,136,215,302
42,137,123,312
42,138,305,313
43,0,89,1
43,1,108,1
43,2,73,3
43,3,158,4
43,4,224,10
43,5,207,24
43,6,289,30
43,7,133,37
43,8,91,38
43,9,118,44
43,10,51,48
43,11,76,50
43,12,209,56
43,13,126,63
43,14,65,62
43,15,78,64
43,16,171,69
43,17,9,70
43,18,65,73
43,19,245,77
43,20,113,77
43,21,231,88
43,22,76,81
43,23,178,88
43,24,202,86
43,25,108,92
43,26,131,95
43,27,203,95
43,28,81,99
43,29,217,100
43,30,240,97
43,31,165,100
43,32,230,109
43,33,191,112
43,34,75,116
43,35,120,115
43,36,177,120
43,37,47,118
43,38,78,118
43,39,66,124
43,40,144,123
43,41,265,128
43,42,128,130
43,43,105,131
43,44,71,130
43,45,73,132
43,46,130,132
43,47,71,134
43,48,101,134
43,49,132,136
43,50,167,139
43,51,213,139
43,52,190,142
43,53,122,154
43,54,268,155
43,55,82,157
43,56,86,157
43,57,101,159
43,58,221,157
43,59,153,170
43,60,182,175
43,61,275,179
43,62,127,178
43,63,159,178
43,64,250,190
43,65,120,188
43,66,190,191
43,67,77,191
43,68,177,193
43,69,48,193
43,70,52,196
43,71,276,197
43,72,118,200
43,73,183,204
43,74,114,204
43,75,83,206
43,76,60,206
43,77,101,209
43,78,59,208
43,79,81,208
43,80,43,212
43,81,285,213
43,82,56,217
43,83,60,217
43,84,55,218
43,85,200,218
43,86,290,228
43,87,192,231
43,88,235,228
43,89,266,236
43,90,239,231
43,91,65,233
43,92,61,234
43,93,213,234
43,94,242,234
43,95,182,236
43,96,215,236
43,97,306,238
43,98,97,239
43,99,88,242
43,100,181,240
43,101,37,241
43,102,119,241
43,103,171,243
43,104,33,242
43,105,118,244
43,106,117,246
43,107,229,250
43,108,81,249
43,109,82,255
43,110,131,254
43,111,192,262
43,112,269,262
43,113,79,261
43,114,158,263
43,115,181,263
43,116,184,264
43,117,211,266
43,118,39,269
43,119,157,269
43,120,38,271
43,121,154,272
43,122,36,273
43,123,129,278
43,124,197,281
43,125,109,288
43,126,112,288
43,127,147,289
43,128,146,292
43,129,73,294
43,130,90,296
43,131,52,302
43,132,214,305
43,133,36,306
43,134,121,309
44,0,17,1
44,1,58,1
44,2,81,1
44,3,118,1
44,4,158,2
44,5,14,3
44,6,20,3
44,7,86,3
44,8,200,3
44,9,199,22
44,10,227,22
44,11,93,30
44,12,288,32
44,13,136,39
44,14,124,37
44,15,121,40
44,16,76,43
44,17,77,46
44,18,251,44
44,19,212,49
44,20,202,53
44,21,207,52
44,22,128,59
44,23,68,61
44,24,117,71
44,25,97,72
44,26,80,79
44,27,293,77
44,28,67,78
44,29,229,83
44,30,243,83
44,31,64,81
44,32,178,84
44,33,201,89
44,34,105,89
44,35,136,91
44,36,311,90
44,37,261,94
44,38,272,94
44,39,293,94
44,40,68,96
44,41,72,95
44,42,224,99
44,43,22,102
44,44,86,105
44,45,229,112
44,46,74,114
44,47,173,116
44,48,117,119
44,49,184,119
44,50,143,121
44,51,265,126
44,52,67,127
44,53,98,128
44,54,70,130
44,55,168,138
44,56,74,134
44,57,135,139
44,58,212,142
44,59,121,156
44,60,231,154
44,61,273,163
44,62,97,161
44,63,163,166
44,64,145,169
44,65,193,173
44,66,177,177
44,67,116,175
44,68,185,183
44,69,117,184
44,70,277,183
44,71,255,185
44,72,76,188
44,73,193,192
44,74,78,192
44,75,177,199
44,76,115,194
44,77,52,194
44,78,277,197
44,79,262,199
44,80,113,198
44,81,86,204
44,82,207,204
44,83,293,205
44,84,180,206
44,85,44,210
44,86,57,212
44,87,99,209
44,88,101,210
44,89,104,210
44,90,284,224
44,91,40,217
44,92,39,220
44,93,186,222
44,94,236,228
44,95,114,229
44,96,263,229
44,97,65,230
44,98,268,232
44,99,220,237
44,100,182,237
44,101,33,240
44,102,84,238
44,103,168,238
44,104,301,241
44,105,227,245
44,106,39,244
44,107,179,245
44,108,85,260
44,109,11,258
44,110,272,260
44,111,165,260
44,112,186,262
44,113,152,272
44,114,105,273
44,115,130,274
44,116,103,275
44,117,101,277
44,118,200,283
44,119,130,285
44,120,146,286
44,121,112,285
44,122,111,288
44,123,43,297
44,124,214,308
44,125,212,310
44,126,11,313
45,0,102,1
45,1,157,1
45,2,36,3
45,3,65,6
45,4,299,8
45,5,93,31
45,6,168,29
45,7,291,35
45,8,116,42
45,9,134,43
45,10,213,41
45,11,78,44
45,12,120,44
45,13,208,46
45,14,225,45
45,15,149,58
45,16,164,62
45,17,64,66
45,18,127,68
45,19,207,69
45,20,276,70
45,21,112,71
45,22,113,73
45,23,78,78
45,24,65,83
45,25,177,85
45,26,117,87
45,27,228,93
45,28,245,88
45,29,237,90
45,30,193,93
45,31,137,95
45,32,69,98
45,33,279,102
45,34,83,105
45,35,86,107
45,36,220,111
45,37,71,113
45,38,184,119
45,39,118,125
45,40,135,127
45,41,263,127
45,42,96,130
45,43,163,134
45,44,186,133
45,45,212,136
45,46,211,140
45,47,69,142
45,48,72,142
45,49,208,145
45,50,168,145
45,51,119,150
45,52,135,150
45,53,96,156
45,54,166,165
45,55,137,161
45,56,275,166
45,57,145,168
45,58,231,166
45,59,181,169
45,60,197,169
45,61,295,170
45,62,22,177
45,63,277,177
45,64,184,181
45,65,188,185
45,66,115,194
45,67,140,185
45,68,195,185
45,69,259,188
45,70,75,189
45,71,174,189
45,72,273,194
45,73,286,195
45,74,184,202
45,75,61,203
45,76,264,202
45,77,96,206
45,78,260,204
45,79,40,205
45,80,42,208
45,81,37,216
45,82,52,218
45,83,183,220
45,84,283,223
45,85,221,228
45,86,267,230
45,87,133,230
45,88,229,230
45,89,279,230
45,90,60,233
45,91,175,234
45,92,303,234
45,93,63,236
45,94,178,236
45,95,33,239
45,96,77,238
45,97,305,243
45,98,168,243
45,99,112,244
45,100,181,245
45,101,109,246
45,102,229,250
45,103,11,251
45,104,182,248
45,105,121,251
45,106,89,256
45,107,127,255
45,108,187,260
45,109,171,264
45,110,272,265
45,111,133,274
45,112,157,274
45,113,40,277
45,114,150,277
45,115,297,277
45,116,104,278
45,117,151,278
45,118,102,281
45,119,130,281
45,120,202,285
45,121,129,284
45,122,149,288
45,123,115,290
45,124,113,293
45,125,197,296
45,126,39,297
45,127,265,297
45,128,190,305
45,129,83,306
45,130,216,309
45,131,59,309
45,132,220,312
46,0,123,1
46,1,154,2
46,2,185,2
46,3,251,22
46,4,247,24
46,5,88,29
46,6,68,33
46,7,127,39
46,8,73,39
46,9,284,40
46,10,123,44
46,11,206,46
46,12,232,47
46,13,121,46
46,14,118,63
46,15,260,62
46,16,56,65
46,17,112,69
46,18,230,70
46,19,76,74
46,20,182,82
46,21,172,85
46,22,178,83
46,23,233,85
46,24,67,90
46,25,252,91
46,26,118,90
46,27,116,93
46,28,196,94
46,29,222,100
46,30,87,102
46,31,133,104
46,32,74,111
46,33,214,113
46,34,72,113
46,35,121,120
46,36,188,118
46,37,184,121
46,38,133,124
46,39,175,127
46,40,62,130
46,41,262,129
46,42,90,130
46,43,209,131
46,44,144,133
46,45,164,135
46,46,160,136
46,47,166,138
46,48,209,143
46,49,169,142
46,50,89,145
46,51,123,151
46,52,232,149
46,53,175,160
46,54,259,157
46,55,97,161
46,56,43,162
46,57,149,163
46,58,151,165
46,59,170,164
46,60,268,167
46,61,167,168
46,62,283,166
46,63,194,169
46,64,198,170
46,65,211,174
46,66,71,181
46,67,190,193
46,68,265,187
46,69,116,189
46,70,44,190
46,71,280,195
46,72,172,195
46,73,98,197
46,74,167,196
46,75,169,196
46,76,123,197
46,77,65,199
46,78,42,200
46,79,120,201
46,80,40,202
46,81,64,202
46,82,39,204
46,83,256,208
46,84,47,211
46,85,89,210
46,86,115,213
46,87,180,217
46,88,222,224
46,89,285,224
46,90,12,225
46,91,263,231
46,92,184,230
46,93,217,228
46,94,279,228
46,95,234,232
46,96,38,233
46,97,69,235
46,98,272,234
46,99,169,240
46,100,105,245
46,101,300,247
46,102,295,250
46,103,181,255
46,104,292,251
46,105,93,257
46,106,226,255
46,107,263,258
46,108,228,258
46,109,190,263
46,110,172,265
46,111,10,264
46,112,169,268
46,113,291,269
46,114,139,273
46,115,152,275
46,116,204,276
46,117,142,276
46,118,101,280
46,119,124,285
46,120,153,290
46,121,113,297
46,122,215,305
46,123,68,312
46,124,3,313
47,0,1,1
47,1,25,1
47,2,46,1
47,3,64,1
47,4,104,1
47,5,157,3
47,6,3,3
47,7,313,3
47,8,211,21
47,9,71,25
47,10,297,29
47,11,23,34
47,12,281,39
47,13,125,38
47,14,68,41
47,15,111,41
47,16,114,42
47,17,127,42
47,18,225,45
47,19,203,48
47,20,83,54
47,21,109,56
47,22,56,63
47,23,73,66
47,24,135,69
47,25,182,78
47,26,109,78
47,27,232,83
47,28,168,86
47,29,69,90
47,30,244,89
47,31,23,90
47,32,117,95
47,33,194,97
47,34,221,104
47,35,93,101
47,36,136,102
47,37,195,108
47,38,65,112
47,39,274,113
47,40,213,114
47,41,309,114
47,42,123,119
47,43,174,124
47,44,281,122
47,45,258,126
47,46,205,128
47,47,145,127
47,48,144,128
47,49,65,132
47,50,85,133
47,51,131,133
47,52,133,135
47,53,156,139
47,54,209,141
47,55,169,143
47,56,125,145
47,57,172,167
47,58,284,157
47,59,92,161
47,60,156,166
47,61,213,165
47,62,265,169
47,63,40,170
47,64,189,176
47,65,73,180
47,66,114,189
47,67,275,191
47,68,117,191
47,69,68,197
47,70,183,194
47,71,189,194
47,72,185,196
47,73,170,198
47,74,120,198
47,75,252,203
47,76,39,202
47,77,95,202
47,78,193,204
47,79,101,204
47,80,3,214
47,81,86,214
47,82,187,220
47,83,35,220
47,84,38,220
47,85,237,227
47,86,274,227
47,87,61,231
47,88,107,228
47,89,221,230
47,90,42,233
47,91,308,234
47,92,42,237
47,93,276,237
47,94,172,241
47,95,11,245
47,96,105,247
47,97,186,246
47,98,239,245
47,99,48,252
47,100,298,252
47,101,295,253
47,102,232,257
47,103,265,257
47,104,183,260
47,105,90,262
47,106,165,262
47,107,167,264
47,108,115,266
47,109,209,274
47,110,153,278
47,111,203,276
47,112,206,276
47,113,102,282
47,114,116,282
47,115,120,284
47,116,149,295
47,117,63,297
47,118,108,298
47,119,250,298
47,120,216,304
48,0,61,1
48,1,118,1
48,2,158,2
48,3,179,1
48,4,26,3
48,5,156,9
48,6,66,31
48,7,277,34
48,8,88,34
48,9,124,35
48,10,227,37
48,11,113,42
48,12,115,49
48,13,199,45
48,14,52,63
48,15,73,62
48,16,73,77
48,17,104,80
48,18,39,81
48,19,229,84
48,20,185,85
48,21,164,87
48,22,61,88
48,23,113,92
48,24,240,93
48,25,64,96
48,26,219,104
48,27,141,101
48,28,88,103
48,29,177,102
48,30,193,106
48,31,196,108
48,32,63,110
48,33,66,112
48,34,68,112
48,35,130,116
48,36,257,116
48,37,99,117
48,38,129,120
48,39,177,124
48,40,55,122
48,41,126,123
48,42,207,122
48,43,85,128
48,44,211,126
48,45,148,130
48,46,167,136
48,47,156,132
48,48,61,134
48,49,268,137
48,50,281,137
48,51,136,144
48,52,135,146
48,53,208,149
48,54,128,148
48,55,133,148
48,56,173,163
48,57,87,162
48,58,154,165
48,59,91,166
48,60,267,175
48,61,75,173
48,62,190,176
48,63,251,173
48,64,167,176
48,65,42,181
48,66,41,184
48,67,277,195
48,68,116,194
48,69,98,197
48,70,169,198
48,71,179,199
48,72,68,198
48,73,257,201
48,74,70,200
48,75,52,203
48,76,193,207
48,77,88,209
48,78,51,210
48,79,92,210
48,80,219,214
48,81,270,221
48,82,186,222
48,83,239,224
48,84,220,227
48,85,258,231
48,86,40,232
48,87,217,230
48,88,228,230
48,89,61,233
48,90,288,234
48,91,3,233
48,92,191,239
48,93,87,240
48,94,89,242
48,95,104,245
48,96,176,247
48,97,13,248
48,98,289,251
48,99,232,250
48,100,265,251
48,101,177,254
48,102,192,257
48,103,152,256
48,104,99,257
48,105,215,257
48,106,160,260
48,107,86,265
48,108,153,271
48,109,139,277
48,110,205,280
48,111,112,278
48,112,245,278
48,113,95,281
48,114,142,280
48,115,287,281
48,116,43,285
48,117,273,289
48,118,148,294
48,119,110,299
48,120,216,302
48,121,120,312
49,0,50,1
49,1,158,3
49,2,48,3
49,3,13,8
49,4,310,14
49,5,86,17
49,6,264,29
49,7,84,30
49,8,276,30
49,9,128,33
49,10,204,39
49,11,224,44
49,12,117,51
49,13,17,57
49,14,267,57
49,15,71,59
49,16,44,65
49,17,73,64
49,18,285,65
49,19,251,70
49,20,228,81
49,21,185,83
49,22,107,85
49,23,166,87
49,24,240,89
49,25,107,90
49,26,142,92
49,27,138,96
49,28,220,102
49,29,112,99
49,30,64,102
49,31,92,102
49,32,89,105
49,33,197,107
49,34,64,116
49,35,128,117
49,36,216,119
49,37,260,121
49,38,52,122
49,39,160,129
49,40,91,126
49,41,120,126
49,42,214,131
49,43,70,138
49,44,42,141
49,45,139,142
49,46,169,147
49,47,125,148
49,48,100,150
49,49,210,152
49,50,99,153
49,51,212,156
49,52,293,158
49,53,169,162
49,54,87,161
49,55,151,161
49,56,84,164
49,57,152,164
49,58,190,173
49,59,157,170
49,60,261,170
49,61,76,170
49,62,74,172
49,63,187,180
49,64,165,181
49,65,57,185
49,66,169,195
49,67,278,196
49,68,110,198
49,69,193,201
49,70,98,201
49,71,103,199
49,72,258,201
49,73,46,202
49,74,70,202
49,75,262,202
49,76,47,207
49,77,284,206
49,78,205,209
49,79,271,221
49,80,84,214
49,81,238,219
49,82,182,224
49,83,258,222
49,84,217,227
49,85,285,228
49,86,64,231
49,87,39,229
49,88,35,230
49,89,118,230
49,90,41,231
49,91,42,233
49,92,46,240
49,93,184,241
49,94,192,245
49,95,101,245
49,96,103,247
49,97,229,248
49,98,288,249
49,99,268,251
49,100,62,252
49,101,89,253
49,102,63,254
49,103,91,255
49,104,95,254
49,105,273,254
49,106,166,258
49,107,181,261
49,108,193,258
49,109,165,260
49,110,28,266
49,111,147,271
49,112,125,278
49,113,204,280
49,114,271,282
49,115,45,287
49,116,146,296
49,117,110,299
49,118,211,302
49,119,108,301
49,120,206,305
49,121,114,313
49,122,126,316
49,123,72,317
50,0,11,1
50,1,49,1
50,2,75,1
50,3,161,4
50,4,68,3
50,5,84,3
50,6,112,3
50,7,122,3
50,8,164,8
50,9,57,18
50,10,60,20
50,11,202,30
50,12,127,32
50,13,197,33
50,14,86,37
50,15,265,37
50,16,226,45
50,17,117,52
50,18,72,61
50,19,141,62
50,20,311,69
50,21,85,76
50,22,21,78
50,23,224,81
50,24,110,81
50,25,186,81
50,26,151,81
50,27,148,82
50,28,166,89
50,29,248,90
50,30,11,92
50,31,143,93
50,32,228,97
50,33,142,96
50,34,140,98
50,35,113,103
50,36,216,108
50,37,190,106
50,38,81,107
50,39,64,108
50,40,84,110
50,41,55,116
50,42,160,121
50,43,61,118
50,44,259,125
50,45,126,128
50,46,310,129
50,47,89,132
50,48,69,135
50,49,145,134
50,50,220,137
50,51,172,148
50,52,122,149
50,53,208,157
50,54,84,159
50,55,169,162
50,56,85,162
50,57,86,164
50,58,72,166
50,59,243,166
50,60,177,173
50,61,195,171
50,62,258,171
50,63,162,177
50,64,166,187
50,65,40,188
50,66,110,190
50,67,41,189
50,68,162,193
50,69,44,190
50,70,279,200
50,71,259,203
50,72,95,201
50,73,190,202
50,74,111,202
50,75,98,204
50,76,40,209
50,77,57,209
50,78,185,213
50,79,56,212
50,80,269,221
50,81,80,220
50,82,284,220
50,83,289,222
50,84,31,221
50,85,33,224
50,86,188,230
50,87,211,229
50,88,235,230
50,89,66,234
50,90,64,237
50,91,141,238
50,92,231,241
50,93,42,242
50,94,289,244
50,95,192,248
50,96,18,249
50,97,17,251
50,98,101,250
50,99,165,250
50,100,181,253
50,101,92,254
50,102,199,255
50,103,273,256
50,104,75,258
50,105,107,262
50,106,87,266
50,107,153,270
50,108,147,272
50,109,118,273
50,110,127,274
50,111,112,278
50,112,99,279
50,113,201,282
50,114,42,285
50,115,177,286
50,116,40,288
50,117,148,293
50,118,208,299
50,119,109,298
50,120,164,298
50,121,175,300
50,122,112,304
50,123,255,305
50,124,244,312
51,0,56,1
51,1,85,1
51,2,98,1
51,3,163,7
51,4,192,1
51,5,28,3
51,6,190,3
51,7,196,3
51,8,212,9
51,9,57,14
51,10,130,26
51,11,125,29
51,12,211,32
51,13,86,40
51,14,89,42
51,15,265,43
51,16,228,46
51,17,122,54
51,18,191,56
51,19,176,57
51,20,207,61
51,21,72,65
51,22,255,66
51,23,76,68
51,24,84,70
51,25,110,80
51,26,166,83
51,27,186,85
51,28,226,85
51,29,153,90
51,30,231,88
51,31,234,91
51,32,256,93
51,33,150,93
51,34,221,101
51,35,116,102
51,36,196,104
51,37,117,104
51,38,81,106
51,39,216,110
51,40,83,109
51,41,59,113
51,42,75,110
51,43,157,116
51,44,260,122
51,45,127,125
51,46,155,125
51,47,167,122
51,48,93,126
51,49,301,129
51,50,128,132
51,51,141,134
51,52,212,134
51,53,72,138
51,54,145,145
51,55,168,152
51,56,45,150
51,57,120,153
51,58,211,158
51,59,71,159
51,60,88,159
51,61,90,161
51,62,195,165
51,63,183,169
51,64,292,166
51,65,255,171
51,66,164,175
51,67,179,177
51,68,160,192
51,69,180,182
51,70,181,184
51,71,199,185
51,72,275,194
51,73,73,193
51,74,293,198
51,75,73,198
51,76,108,198
51,77,185,206
51,78,277,206
51,79,52,206
51,80,196,207
51,81,260,207
51,82,94,208
51,83,39,209
51,84,284,214
51,85,179,213
51,86,48,217
51,87,267,217
51,88,268,221
51,89,81,221
51,90,33,224
51,91,258,225
51,92,285,224
51,93,296,226
51,94,185,231
51,95,143,230
51,96,204,233
51,97,68,233
51,98,240,237
51,99,102,239
51,100,229,241
51,101,177,246
51,102,197,247
51,103,44,246
51,104,114,249
51,105,160,251
51,106,295,253
51,107,273,255
51,108,310,252
51,109,91,256
51,110,89,258
51,111,187,260
51,112,226,264
51,113,114,268
51,114,88,272
51,115,124,274
51,116,157,275
51,117,125,276
51,118,87,276
51,119,201,277
51,120,40,281
51,121,99,282
51,122,101,282
51,123,247,288
51,124,181,290
51,125,125,294
51,126,304,294
51,127,208,297
51,128,29,305
51,129,250,312
51,130,84,316
52,0,15,2
52,1,64,1
52,2,117,1
52,3,159,6
52,4,174,1
52,5,197,1
52,6,85,3
52,7,124,3
52,8,168,3
52,9,180,3
52,10,208,3
52,11,275,9
52,12,53,13
52,13,130,25
52,14,127,26
52,15,221,35
52,16,185,33
52,17,196,33
52,18,86,41
52,19,227,47
52,20,116,49
52,21,261,52
52,22,133,53
52,23,50,57
52,24,49,59
52,25,76,62
52,26,310,62
52,27,97,68
52,28,188,73
52,29,107,77
52,30,168,81
52,31,153,86
52,32,231,89
52,33,257,94
52,34,225,94
52,35,167,97
52,36,222,102
52,37,307,102
52,38,61,104
52,39,112,105
52,40,196,105
52,41,213,113
52,42,57,114
52,43,257,116
52,44,190,114
52,45,129,121
52,46,172,119
52,47,152,121
52,48,162,119
52,49,159,121
52,50,97,128
52,51,139,131
52,52,212,131
52,53,71,138
52,54,72,141
52,55,152,144
52,56,121,145
52,57,167,147
52,58,123,147
52,59,246,149
52,60,123,152
52,61,215,160
52,62,129,160
52,63,193,169
52,64,161,163
52,65,97,167
52,66,77,166
52,67,245,168
52,68,162,181
52,69,100,181
52,70,73,189
52,71,161,194
52,72,270,195
52,73,113,195
52,74,293,197
52,75,188,204
52,76,201,205
52,77,32,205
52,78,36,208
52,79,40,207
52,80,265,211
52,81,279,215
52,82,186,212
52,83,56,214
52,84,94,218
52,85,81,219
52,86,188,225
52,87,259,226
52,88,261,227
52,89,68,234
52,90,218,237
52,91,63,237
52,92,233,237
52,93,59,241
52,94,98,241
52,95,173,245
52,96,39,245
52,97,164,248
52,98,169,246
52,99,186,255
52,100,195,249
52,101,300,251
52,102,38,250
52,103,312,250
52,104,197,252
52,105,272,254
52,106,19,254
52,107,85,254
52,108,87,255
52,109,199,261
52,110,268,262
52,111,190,265
52,112,160,273
52,113,116,273
52,114,91,276
52,115,248,273
52,116,39,277
52,117,85,276
52,118,126,279
52,119,191,280
52,120,194,280
52,121,125,285
52,122,144,294
52,123,104,298
52,124,204,299
52,125,287,306
53,0,25,1
53,1,45,1
53,2,70,1
53,3,141,2
53,4,189,2
53,5,113,3
53,6,166,3
53,7,144,4
53,8,148,6
53,9,225,9
53,10,43,12
53,11,132,21
53,12,223,42
53,13,200,38
53,14,88,40
53,15,292,46
53,16,115,53
53,17,118,54
53,18,264,56
53,19,128,59
53,20,316,62
53,21,47,65
53,22,97,68
53,23,255,65
53,24,83,70
53,25,86,70
53,26,185,74
53,27,168,74
53,28,168,78
53,29,109,79
53,30,253,78
53,31,145,83
53,32,219,81
53,33,232,83
53,34,261,90
53,35,35,89
53,36,221,103
53,37,63,104
53,38,198,110
53,39,106,109
53,40,48,111
53,41,79,109
53,42,57,113
53,43,258,114
53,44,45,113
53,45,137,122
53,46,166,124
53,47,111,125
53,48,95,126
53,49,98,128
53,50,220,135
53,51,72,142
53,52,148,142
53,53,120,144
53,54,168,145
53,55,212,160
53,56,75,162
53,57,161,165
53,58,185,169
53,59,201,170
53,60,252,171
53,61,101,174
53,62,104,176
53,63,272,179
53,64,168,182
53,65,190,184
53,66,100,188
53,67,49,195
53,68,158,194
53,69,286,193
53,70,70,194
53,71,273,199
53,72,108,197
53,73,188,202
53,74,303,197
53,75,109,202
53,76,264,202
53,77,259,208
53,78,204,208
53,79,44,209
53,80,52,209
53,81,279,215
53,82,45,212
53,83,89,218
53,84,181,223
53,85,86,223
53,86,253,227
53,87,28,226
53,88,85,227
53,89,221,235
53,90,228,231
53,91,64,232
53,92,65,234
53,93,66,236
53,94,67,239
53,95,163,242
53,96,96,245
53,97,29,245
53,98,172,247
53,99,192,249
53,100,20,248
53,101,17,249
53,102,93,250
53,103,296,252
53,104,116,253
53,105,55,255
53,106,267,259
53,107,219,258
53,108,81,263
53,109,190,264
53,110,84,268
53,111,159,271
53,112,101,274
53,113,105,276
53,114,190,278
53,115,38,282
53,116,143,290
53,117,111,292
53,118,141,292
53,119,211,295
53,120,260,302
53,121,81,309
54,0,154,1
54,1,197,1
54,2,77,2
54,3,41,3
54,4,60,3
54,5,194,3
54,6,200,3
54,7,29,4
54,8,136,15
54,9,218,38
54,10,39,37
54,11,85,41
54,12,223,42
54,13,225,45
54,14,96,50
54,15,125,50
54,16,124,52
54,17,85,53
54,18,123,54
54,19,132,59
54,20,268,62
54,21,78,62
54,22,97,62
54,23,129,61
54,24,46,68
54,25,295,69
54,26,233,77
54,27,236,80
54,28,167,83
54,29,186,82
54,30,111,81
54,31,113,82
54,32,267,85
54,33,146,87
54,34,261,86
54,35,217,96
54,36,111,101
54,37,197,105
54,38,77,107
54,39,223,107
54,40,61,106
54,41,260,108
54,42,108,108
54,43,132,118
54,44,217,109
54,45,171,120
54,46,53,118
54,47,142,128
54,48,98,130
54,49,220,137
54,50,120,140
54,51,153,144
54,52,177,145
54,53,72,146
54,54,19,149
54,55,213,158
54,56,74,164
54,57,163,165
54,58,181,171
54,59,190,173
54,60,252,172
54,61,100,173
54,62,253,176
54,63,160,189
54,64,72,185
54,65,76,190
54,66,48,190
54,67,52,190
54,68,102,194
54,69,189,197
54,70,203,196
54,71,284,201
54,72,305,198
54,73,43,201
54,74,114,203
54,75,179,202
54,76,204,205
54,77,263,205
54,78,181,205
54,79,270,206
54,80,290,208
54,81,44,209
54,82,46,212
54,83,277,218
54,84,293,213
54,85,81,216
54,86,182,220
54,87,244,221
54,88,27,222
54,89,69,229
54,90,81,232
54,91,224,232
54,92,176,238
54,93,68,242
54,94,166,241
54,95,188,245
54,96,94,246
54,97,201,244
54,98,172,246
54,99,203,247
54,100,294,250
54,101,175,249
54,102,206,250
54,103,213,255
54,104,44,256
54,105,79,258
54,106,82,260
54,107,264,260
54,108,184,266
54,109,190,266
54,110,99,271
54,111,191,272
54,112,60,276
54,113,194,276
54,114,8,277
54,115,84,278
54,116,121,278
54,117,257,285
54,118,212,295
54,119,116,294
54,120,137,296
54,121,136,297
54,122,281,297
54,123,143,309
54,124,78,310
55,0,1,1
55,1,32,6
55,2,52,1
55,3,82,1
55,4,142,1
55,5,3,3
55,6,68,3
55,7,87,3
55,8,96,3
55,9,128,3
55,10,188,3
55,11,220,3
55,12,306,3
55,13,143,14
55,14,135,19
55,15,137,20
55,16,96,26
55,17,212,26
55,18,89,42
55,19,228,47
55,20,207,46
55,21,94,57
55,22,126,62
55,23,52,57
55,24,266,65
55,25,82,65
55,26,41,66
55,27,303,66
55,28,233,78
55,29,168,82
55,30,265,82
55,31,186,83
55,32,144,85
55,33,133,87
55,34,117,90
55,35,105,95
55,36,221,96
55,37,204,103
55,38,35,101
55,39,36,102
55,40,40,104
55,41,74,107
55,42,135,109
55,43,253,111
55,44,9,110
55,45,65,110
55,46,131,110
55,47,161,116
55,48,137,128
55,49,179,123
55,50,57,126
55,51,216,134
55,52,116,138
55,53,152,141
55,54,304,142
55,55,149,144
55,56,176,146
55,57,74,148
55,58,178,148
55,59,71,150
55,60,97,150
55,61,214,154
55,62,73,162
55,63,115,161
55,64,183,165
55,65,160,171
55,66,177,168
55,67,201,170
55,68,104,174
55,69,259,176
55,70,172,181
55,71,54,186
55,72,77,188
55,73,309,185
55,74,165,190
55,75,56,190
55,76,154,193
55,77,95,194
55,78,95,198
55,79,191,199
55,80,259,203
55,81,179,205
55,82,194,202
55,83,290,209
55,84,109,206
55,85,113,206
55,86,206,208
55,87,271,209
55,88,45,212
55,89,73,222
55,90,274,223
55,91,299,218
55,92,176,220
55,93,246,222
55,94,65,225
55,95,234,227
55,96,221,229
55,97,210,238
55,98,163,241
55,99,165,243
55,100,189,245
55,101,69,246
55,102,85,245
55,103,200,249
55,104,270,250
55,105,295,252
55,106,170,252
55,107,19,262
55,108,183,267
55,109,104,265
55,110,149,265
55,111,152,265
55,112,100,272
55,113,35,274
55,114,196,274
55,115,259,285
55,116,100,286
55,117,20,289
55,118,138,296
55,119,105,302
55,120,176,311
56,0,36,3
56,1,305,3
56,2,26,10
56,3,147,10
56,4,137,18
56,5,203,17
56,6,171,21
56,7,97,38
56,8,224,42
56,9,99,41
56,10,175,42
56,11,102,44
56,12,229,52
56,13,89,52
56,14,105,53
56,15,135,59
56,16,121,62
56,17,264,65
56,18,84,65
56,19,88,66
56,20,231,75
56,21,119,73
56,22,128,72
56,23,23,73
56,24,183,82
56,25,169,83
56,26,264,85
56,27,181,86
56,28,116,89
56,29,98,91
56,30,141,93
56,31,209,103
56,32,36,99
56,33,225,99
56,34,134,105
56,35,31,104
56,36,70,110
56,37,234,109
56,38,159,113
56,39,253,115
56,40,41,113
56,41,132,125
56,42,193,122
56,43,177,125
56,44,98,125
56,45,106,125
56,46,96,127
56,47,149,130
56,48,59,129
56,49,62,130
56,50,216,132
56,51,137,132
56,52,36,133
56,53,159,142
56,54,74,148
56,55,71,150
56,56,216,154
56,57,172,159
56,58,189,166
56,59,73,166
56,60,150,170
56,61,161,173
56,62,24,174
56,63,259,179
56,64,99,178
56,65,207,179
56,66,276,178
56,67,280,178
56,68,175,188
56,69,76,187
56,70,109,186
56,71,155,191
56,72,87,190
56,73,93,191
56,74,98,193
56,75,190,196
56,76,284,204
56,77,173,206
56,78,263,207
56,79,289,211
56,80,3,209
56,81,110,211
56,82,23,210
56,83,58,210
56,84,204,212
56,85,56,211
56,86,46,212
56,87,51,213
56,88,273,222
56,89,75,219
56,90,226,225
56,91,246,220
56,92,72,223
56,93,173,225
56,94,296,225
56,95,68,226
56,96,270,229
56,97,205,235
56,98,162,237
56,99,71,237
56,100,69,240
56,101,188,242
56,102,112,246
56,103,276,248
56,104,93,250
56,105,205,255
56,106,300,256
56,107,169,257
56,108,89,261
56,109,42,261
56,110,17,262
56,111,72,269
56,112,148,270
56,113,32,270
56,114,181,270
56,115,73,272
56,116,182,272
56,117,183,274
56,118,196,277
56,119,103,277
56,120,125,284
56,121,102,288
56,122,135,293
56,123,138,296
56,124,47,299
56,125,104,302
56,126,87,309
56,127,117,309
56,128,38,312
56,129,209,314
56,130,210,316
57,0,33,1
57,1,60,1
57,2,87,1
57,3,185,1
57,4,56,3
57,5,76,3
57,6,111,3
57,7,182,3
57,8,143,9
57,9,45,8
57,10,276,8
57,11,33,10
57,12,137,12
57,13,3,13
57,14,128,20
57,15,31,26
57,16,83,26
57,17,43,34
57,18,225,36
57,19,96,38
57,20,92,50
57,21,90,53
57,22,225,54
57,23,130,60
57,24,88,65
57,25,264,68
57,26,45,69
57,27,63,69
57,28,179,75
57,29,230,75
57,30,228,77
57,31,169,83
57,32,263,83
57,33,258,85
57,34,115,87
57,35,98,89
57,36,96,90
57,37,137,95
57,38,224,94
57,39,117,94
57,40,208,97
57,41,289,98
57,42,38,104
57,43,133,104
57,44,216,106
57,45,233,104
57,46,25,106
57,47,164,106
57,48,181,106
57,49,72,110
57,50,168,112
57,51,246,113
57,52,99,113
57,53,77,117
57,54,63,117
57,55,179,121
57,56,152,123
57,57,139,131
57,58,109,127
57,59,154,128
57,60,106,130
57,61,59,132
57,62,100,135
57,63,212,135
57,64,300,133
57,65,252,140
57,66,72,145
57,67,75,147
57,68,77,148
57,69,221,155
57,70,176,160
57,71,305,161
57,72,243,166
57,73,183,171
57,74,148,171
57,75,101,176
57,76,206,181
57,77,71,178
57,78,74,178
57,79,102,179
57,80,256,183
57,81,66,185
57,82,164,187
57,83,172,188
57,84,91,190
57,85,39,189
57,86,190,191
57,87,262,196
57,88,295,193
57,89,151,194
57,90,153,194
57,91,281,201
57,92,174,201
57,93,40,205
57,94,44,208
57,95,289,213
57,96,271,222
57,97,207,218
57,98,55,216
57,99,113,218
57,100,240,220
57,101,51,218
57,102,222,221
57,103,74,225
57,104,47,222
57,105,115,222
57,106,169,227
57,107,71,229
57,108,70,232
57,109,225,232
57,110,85,233
57,111,209,236
57,112,68,236
57,113,190,238
57,114,282,241
57,115,40,246
57,116,295,250
57,117,97,252
57,118,83,253
57,119,84,256
57,120,164,256
57,121,203,260
57,122,14,262
57,123,72,265
57,124,74,266
57,125,152,272
57,126,186,274
57,127,246,274
57,128,297,274
57,129,200,278
57,130,24,285
57,131,96,287
57,132,107,286
57,133,164,289
57,134,147,293
57,135,145,304
57,136,216,310
58,0,1,1
58,1,28,2
58,2,93,1
58,3,112,1
58,4,147,6
58,5,3,3
58,6,28,12
58,7,120,17
58,8,225,25
58,9,229,26
58,10,91,48
58,11,96,48
58,12,225,53
58,13,130,56
58,14,257,65
58,15,90,68
58,16,48,70
58,17,50,70
58,18,170,81
58,19,232,79
58,20,265,81
58,21,90,86
58,22,113,93
58,23,230,94
58,24,37,94
58,25,203,102
58,26,136,102
58,27,217,105
58,28,248,107
58,29,41,106
58,30,80,111
58,31,215,108
58,32,174,113
58,33,177,125
58,34,157,125
58,35,114,126
58,36,55,125
58,37,136,130
58,38,279,133
58,39,210,137
58,40,102,141
58,41,78,147
58,42,216,153
58,43,261,157
58,44,262,159
58,45,171,163
58,46,263,161
58,47,183,168
58,48,72,168
58,49,176,166
58,50,280,169
58,51,281,170
58,52,146,176
58,53,89,178
58,54,87,180
58,55,108,181
58,56,210,179
58,57,73,182
58,58,162,184
58,59,208,182
58,60,175,185
58,61,262,188
58,62,161,193
58,63,188,195
58,64,123,194
58,65,179,198
58,66,287,209
58,67,57,207
58,68,273,222
58,69,224,215
58,70,166,222
58,71,211,217
58,72,239,221
58,73,81,221
58,74,110,222
58,75,64,226
58,76,163,228
58,77,211,234
58,78,80,234
58,79,213,240
58,80,68,240
58,81,183,241
58,82,283,244
58,83,97,243
58,84,188,244
58,85,293,246
58,86,95,246
58,87,241,249
58,88,85,253
58,89,164,253
58,90,219,256
58,91,75,260
58,92,93,260
58,93,187,264
58,94,35,262
58,95,37,262
58,96,25,264
58,97,86,265
58,98,291,267
58,99,97,268
58,100,202,271
58,101,200,274
58,102,154,274
58,103,108,278
58,104,129,280
58,105,277,278
58,106,94,281
58,107,203,290
58,108,138,293
58,109,94,297
58,110,140,296
58,111,38,297
58,112,96,300
58,113,209,301
58,114,236,312
58,115,208,314
58,116,235,313
59,0,45,1
59,1,92,1
59,2,190,1
59,3,60,3
59,4,197,3
59,5,234,3
59,6,270,3
59,7,150,9
59,8,36,14
59,9,232,14
59,10,122,23
59,11,220,24
59,12,24,34
59,13,95,46
59,14,220,55
59,15,18,57
59,16,130,58
59,17,258,62
59,18,205,65
59,19,53,66
59,20,54,68
59,21,163,75
59,22,308,74
59,23,230,79
59,24,260,83
59,25,93,86
59,26,165,87
59,27,234,96
59,28,43,94
59,29,112,98
59,30,206,103
59,31,67,97
59,32,138,103
59,33,245,105
59,34,15,105
59,35,312,106
59,36,176,115
59,37,81,116
59,38,124,117
59,39,150,120
59,40,126,129
59,41,204,120
59,42,56,126
59,43,20,129
59,44,212,144
59,45,109,144
59,46,76,146
59,47,148,146
59,48,85,160
59,49,181,160
59,50,183,167
59,51,169,167
59,52,79,171
59,53,187,174
59,54,92,178
59,55,67,177
59,56,113,179
59,57,73,178
59,58,169,182
59,59,154,187
59,60,205,185
59,61,265,184
59,62,66,191
59,63,257,192
59,64,181,197
59,65,189,196
59,66,111,197
59,67,36,206
59,68,287,209
59,69,204,215
59,70,271,217
59,71,60,216
59,72,236,221
59,73,111,221
59,74,114,221
59,75,162,226
59,76,51,222
59,77,313,222
59,78,57,227
59,79,82,225
59,80,244,226
59,81,81,228
59,82,269,234
59,83,296,239
59,84,103,237
59,85,220,239
59,86,102,239
59,87,100,241
59,88,224,242
59,89,188,244
59,90,279,245
59,91,81,247
59,92,190,248
59,93,82,252
59,94,31,257
59,95,48,258
59,96,164,260
59,97,193,262
59,98,75,266
59,99,24,269
59,100,25,270
59,101,203,272
59,102,204,275
59,103,158,278
59,104,95,279
59,105,133,279
59,106,71,280
59,107,135,280
59,108,94,281
59,109,116,282
59,110,160,282
59,111,138,284
59,112,96,295
59,113,271,297
59,114,161,298
59,115,142,301
60,0,34,1
60,1,120,3
60,2,146,10
60,3,37,11
60,4,175,9
60,5,121,11
60,6,126,15
60,7,218,22
60,8,261,21
60,9,24,45
60,10,210,48
60,11,92,54
60,12,133,53
60,13,125,62
60,14,269,66
60,15,49,67
60,16,93,75
60,17,137,69
60,18,161,70
60,19,229,82
60,20,262,89
60,21,160,92
60,22,142,94
60,23,40,95
60,24,240,97
60,25,43,98
60,26,209,105
60,27,116,105
60,28,225,106
60,29,135,111
60,30,172,111
60,31,250,110
60,32,92,111
60,33,200,115
60,34,92,116
60,35,126,126
60,36,86,123
60,37,174,124
60,38,152,124
60,39,56,127
60,40,3,129
60,41,115,134
60,42,310,133
60,43,204,136
60,44,79,143
60,45,110,143
60,46,213,145
60,47,107,145
60,48,117,150
60,49,248,154
60,50,139,158
60,51,187,160
60,52,71,163
60,53,170,169
60,54,180,169
60,55,74,175
60,56,129,173
60,57,151,177
60,58,113,176
60,59,221,178
60,60,261,185
60,61,168,181
60,62,88,184
60,63,206,183
60,64,121,185
60,65,210,186
60,66,147,190
60,67,193,192
60,68,60,194
60,69,64,194
60,70,178,207
60,71,204,213
60,72,287,212
60,73,300,211
60,74,32,213
60,75,273,216
60,76,49,214
60,77,284,214
60,78,60,216
60,79,281,216
60,80,163,218
60,81,57,218
60,82,233,223
60,83,108,222
60,84,21,222
60,85,82,227
60,86,242,228
60,87,62,235
60,88,159,236
60,89,299,237
60,90,266,239
60,91,222,241
60,92,198,242
60,93,81,247
60,94,19,253
60,95,60,253
60,96,219,256
60,97,31,257
60,98,200,257
60,99,259,257
60,100,76,258
60,101,191,261
60,102,200,262
60,103,163,268
60,104,291,269
60,105,204,273
60,106,111,273
60,107,138,275
60,108,160,276
60,109,119,278
60,110,99,297
60,111,201,297
60,112,169,304
60,113,136,306
60,114,295,312
60,115,166,317
61,0,70,1
61,1,149,2
61,2,168,1
61,3,39,3
61,4,68,3
61,5,172,3
61,6,194,3
61,7,253,8
61,8,33,11
61,9,220,21
61,10,131,21
61,11,279,26
61,12,91,41
61,13,130,53
61,14,96,52
61,15,212,54
61,16,101,54
61,17,90,57
61,18,274,60
61,19,160,64
61,20,277,62
61,21,94,71
61,22,45,69
61,23,179,82
61,24,152,84
61,25,230,86
61,26,265,93
61,27,161,94
61,28,146,96
61,29,44,99
61,30,211,106
61,31,240,103
61,32,115,107
61,33,133,108
61,34,173,114
61,35,92,113
61,36,246,111
61,37,200,115
61,38,131,127
61,39,56,126
61,40,153,129
61,41,113,132
61,42,80,136
61,43,200,136
61,44,106,150
61,45,179,148
61,46,218,152
61,47,271,149
61,48,283,153
61,49,77,156
61,50,188,161
61,51,172,179
61,52,77,177
61,53,119,177
61,54,116,180
61,55,261,183
61,56,147,186
61,57,201,186
61,58,163,185
61,59,55,190
61,60,89,190
61,61,53,192
61,62,272,194
61,63,47,206
61,64,51,206
61,65,179,208
61,66,204,211
61,67,31,209
61,68,299,214
61,69,265,214
61,70,27,212
61,71,154,217
61,72,153,220
61,73,81,224
61,74,101,225
61,75,152,222
61,76,17,224
61,77,54,224
61,78,226,230
61,79,240,229
61,80,67,229
61,81,165,235
61,82,231,232
61,83,305,233
61,84,198,233
61,85,53,237
61,86,145,237
61,87,221,242
61,88,270,243
61,89,177,239
61,90,82,243
61,91,111,246
61,92,65,249
61,93,196,256
61,94,47,255
61,95,33,261
61,96,153,262
61,97,190,266
61,98,29,266
61,99,136,270
61,100,161,272
61,101,114,273
61,102,15,274
61,103,89,274
61,104,113,276
61,105,153,290
61,106,99,298
61,107,169,305
61,108,90,312
61,109,206,312
61,110,145,315
62,0,30,1
62,1,68,1
62,2,132,1
62,3,159,3
62,4,193,1
62,5,16,3
62,6,84,3
62,7,188,3
62,8,170,8
62,9,221,15
62,10,33,14
62,11,133,18
62,12,116,25
62,13,210,41
62,14,137,54
62,15,126,57
62,16,176,53
62,17,105,54
62,18,132,56
62,19,86,59
62,20,88,62
62,21,276,65
62,22,162,64
62,23,165,66
62,24,48,70
62,25,88,74
62,26,94,76
62,27,187,77
62,28,228,81
62,29,237,88
62,30,162,93
62,31,145,96
62,32,264,97
62,33,13,101
62,34,39,101
62,35,245,105
62,36,113,104
62,37,94,107
62,38,205,110
62,39,221,111
62,40,170,114
62,41,191,112
62,42,130,115
62,43,56,124
62,44,112,126
62,45,135,134
62,46,109,130
62,47,212,132
62,48,82,131
62,49,154,133
62,50,89,132
62,51,79,133
62,52,71,149
62,53,101,150
62,54,69,152
62,55,216,153
62,56,43,157
62,57,190,161
62,58,252,161
62,59,52,169
62,60,107,170
62,61,162,184
62,62,83,179
62,63,119,177
62,64,200,180
62,65,250,181
62,66,81,182
62,67,56,186
62,68,256,192
62,69,90,191
62,70,53,190
62,71,205,193
62,72,129,194
62,73,145,194
62,74,272,203
62,75,189,207
62,76,269,209
62,77,34,209
62,78,199,213
62,79,306,215
62,80,27,216
62,81,55,217
62,82,20,221
62,83,52,220
62,84,79,221
62,85,155,222
62,86,263,231
62,87,105,225
62,88,225,227
62,89,240,230
62,90,166,230
62,91,301,232
62,92,106,234
62,93,73,237
62,94,228,240
62,95,310,237
62,96,39,253
62,97,56,255
62,98,195,255
62,99,269,258
62,100,53,258
62,101,58,258
62,102,199,259
62,103,158,265
62,104,206,265
62,105,34,268
62,106,13,269
62,107,197,270
62,108,85,274
62,109,108,294
62,110,95,297
62,111,191,301
62,112,148,313
62,113,150,316
63,0,1,1
63,1,25,1
63,2,52,1
63,3,88,1
63,4,114,1
63,5,129,1
63,6,195,2
63,7,3,3
63,8,20,3
63,9,150,3
63,10,152,9
63,11,37,13
63,12,227,14
63,13,134,22
63,14,184,21
63,15,289,33
63,16,212,45
63,17,137,49
63,18,108,49
63,19,258,54
63,20,84,57
63,21,124,61
63,22,128,61
63,23,155,61
63,24,304,61
63,25,161,67
63,26,85,76
63,27,277,76
63,28,166,86
63,29,237,91
63,30,149,92
63,31,271,100
63,32,248,101
63,33,163,100
63,34,101,105
63,35,222,106
63,36,114,106
63,37,165,111
63,38,201,114
63,39,257,109
63,40,129,115
63,41,244,116
63,42,96,121
63,43,216,124
63,44,98,122
63,45,110,128
63,46,82,132
63,47,157,134
63,48,136,135
63,49,93,139
63,50,68,150
63,51,104,153
63,52,215,160
63,53,192,161
63,54,63,169
63,55,275,170
63,56,123,174
63,57,194,179
63,58,23,178
63,59,160,184
63,60,177,183
63,61,259,185
63,62,51,187
63,63,141,191
63,64,200,194
63,65,88,194
63,66,253,199
63,67,232,198
63,68,48,200
63,69,256,202
63,70,273,203
63,71,185,206
63,72,276,204
63,73,67,205
63,74,40,206
63,75,268,217
63,76,83,210
63,77,292,211
63,78,198,213
63,79,315,218
63,80,20,218
63,81,149,220
63,82,112,222
63,83,221,222
63,84,227,221
63,85,53,226
63,86,69,230
63,87,168,228
63,88,101,230
63,89,253,232
63,90,49,232
63,91,226,235
63,92,240,234
63,93,295,234
63,94,64,234
63,95,189,239
63,96,41,237
63,97,225,238
63,98,77,241
63,99,74,245
63,100,68,254
63,101,269,256
63,102,55,257
63,103,199,263
63,104,160,263
63,105,107,262
63,106,151,267
63,107,133,270
63,108,11,269
63,109,13,270
63,110,128,272
63,111,39,273
63,112,86,274
63,113,115,274
63,114,101,277
63,115,86,289
63,116,202,289
63,117,159,293
63,118,309,307
63,119,211,310
63,120,150,314
64,0,18,1
64,1,70,1
64,2,95,1
64,3,165,1
64,4,108,3
64,5,247,4
64,6,41,11
64,7,225,16
64,8,153,21
64,9,136,22
64,10,117,30
64,11,115,32
64,12,209,39
64,13,179,41
64,14,141,45
64,15,111,46
64,16,199,53
64,17,41,57
64,18,87,60
64,19,42,60
64,20,157,63
64,21,125,63
64,22,273,73
64,23,80,71
64,24,88,78
64,25,148,84
64,26,166,84
64,27,169,86
64,28,237,93
64,29,254,97
64,30,271,101
64,31,102,105
64,32,214,105
64,33,166,107
64,34,200,110
64,35,42,109
64,36,142,111
64,37,234,113
64,38,125,121
64,39,221,121
64,40,89,127
64,41,109,126
64,42,132,135
64,43,162,134
64,44,66,147
64,45,101,156
64,46,224,159
64,47,194,166
64,48,23,161
64,49,122,175
64,50,177,177
64,51,163,184
64,52,253,185
64,53,56,186
64,54,201,190
64,55,148,190
64,56,144,192
64,57,86,192
64,58,77,194
64,59,79,195
64,60,193,197
64,61,252,197
64,62,48,201
64,63,40,202
64,64,267,211
64,65,197,210
64,66,296,211
64,67,146,212
64,68,87,214
64,69,212,214
64,70,85,216
64,71,230,225
64,72,119,221
64,73,316,222
64,74,27,224
64,75,102,225
64,76,258,227
64,77,271,227
64,78,48,226
64,79,101,226
64,80,54,228
64,81,169,230
64,82,77,230
64,83,219,237
64,84,195,239
64,85,300,240
64,86,73,245
64,87,71,253
64,88,69,256
64,89,165,257
64,90,112,258
64,91,191,262
64,92,270,262
64,93,308,261
64,94,85,265
64,95,149,269
64,96,11,269
64,97,119,269
64,98,133,270
64,99,204,272
64,100,132,274
64,101,119,276
64,102,39,278
64,103,231,278
64,104,78,289
64,105,108,293
64,106,60,309
64,107,111,309
64,108,142,315
65,0,20,1
65,1,43,2
65,2,83,1
65,3,113,1
65,4,147,1
65,5,126,3
65,6,146,3
65,7,148,3
65,8,310,9
65,9,48,18
65,10,154,17
65,11,223,21
65,12,131,22
65,13,202,39
65,14,283,41
65,15,112,47
65,16,145,50
65,17,158,62
65,18,36,61
65,19,85,61
65,20,281,68
65,21,124,68
65,22,85,75
65,23,76,78
65,24,84,77
65,25,73,80
65,26,3,81
65,27,33,81
65,28,168,88
65,29,150,88
65,30,152,90
65,31,253,90
65,32,241,92
65,33,48,94
65,34,95,104
65,35,270,102
65,36,203,110
65,37,149,109
65,38,215,109
65,39,167,110
65,40,42,111
65,41,172,114
65,42,125,119
65,43,219,121
65,44,231,120
65,45,12,122
65,46,234,122
65,47,84,130
65,48,64,130
65,49,105,132
65,50,92,132
65,51,162,135
65,52,136,140
65,53,67,147
65,54,104,156
65,55,291,157
65,56,193,168
65,57,225,164
65,58,118,175
65,59,259,177
65,60,116,177
65,61,166,185
65,62,203,187
65,63,85,189
65,64,76,192
65,65,53,190
65,66,141,190
65,67,142,192
65,68,245,198
65,69,260,198
65,70,249,200
65,71,50,201
65,72,196,204
65,73,51,203
65,74,52,205
65,75,10,205
65,76,88,205
65,77,33,208
65,78,294,210
65,79,46,209
65,80,265,217
65,81,224,213
65,82,144,216
65,83,275,218
65,84,317,220
65,85,125,222
65,86,22,225
65,87,227,225
65,88,105,226
65,89,65,229
65,90,78,229
65,91,239,229
65,92,106,229
65,93,230,228
65,94,56,229
65,95,260,230
65,96,217,233
65,97,262,232
65,98,163,234
65,99,195,237
65,100,298,243
65,101,196,242
65,102,54,248
65,103,57,253
65,104,61,256
65,105,67,256
65,106,157,261
65,107,188,261
65,108,86,264
65,109,267,264
65,110,134,269
65,111,195,268
65,112,203,270
65,113,148,271
65,114,152,272
65,115,147,273
65,116,41,277
65,117,273,278
65,118,131,285
65,119,75,291
65,120,200,315
66,0,65,1
66,1,113,2
66,2,20,3
66,3,28,3
66,4,81,3
66,5,92,3
66,6,152,3
66,7,121,9
66,8,41,19
66,9,226,20
66,10,162,23
66,11,134,28
66,12,243,26
66,13,203,38
66,14,279,42
66,15,142,46
66,16,113,55
66,17,84,57
66,18,154,58
66,19,132,61
66,20,36,61
66,21,39,66
66,22,284,69
66,23,73,75
66,24,85,74
66,25,86,76
66,26,304,81
66,27,242,90
66,28,153,92
66,29,167,94
66,30,273,99
66,31,95,104
66,32,200,101
66,33,147,111
66,34,33,110
66,35,164,114
66,36,36,112
66,37,205,116
66,38,168,116
66,39,171,117
66,40,122,122
66,41,66,124
66,42,219,124
66,43,226,122
66,44,91,129
66,45,105,131
66,46,51,130
66,47,48,132
66,48,159,135
66,49,44,138
66,50,40,138
66,51,137,144
66,52,97,155
66,53,20,154
66,54,68,154
66,55,70,154
66,56,190,157
66,57,225,162
66,58,117,171
66,59,167,182
66,60,31,174
66,61,194,176
66,62,27,176
66,63,204,177
66,64,24,177
66,65,58,177
66,66,100,177
66,67,258,179
66,68,61,180
66,69,78,188
66,70,150,187
66,71,149,190
66,72,158,195
66,73,209,194
66,74,240,196
66,75,200,198
66,76,243,198
66,77,71,202
66,78,88,206
66,79,225,208
66,80,269,213
66,81,165,209
66,82,294,211
66,83,127,219
66,84,94,217
66,85,301,219
66,86,20,220
66,87,144,223
66,88,261,228
66,89,19,222
66,90,17,224
66,91,64,225
66,92,239,227
66,93,66,228
66,94,220,229
66,95,76,231
66,96,55,230
66,97,104,233
66,98,164,233
66,99,158,237
66,100,171,237
66,101,208,242
66,102,290,244
66,103,62,253
66,104,21,263
66,105,84,261
66,106,163,262
66,107,129,261
66,108,277,262
66,109,265,265
66,110,182,266
66,111,165,266
66,112,196,269
66,113,133,269
66,114,201,270
66,115,42,273
66,116,310,275
66,117,148,280
66,118,247,281
66,119,127,285
66,120,71,289
66,121,53,294
66,122,207,314
67,0,1,1
67,1,25,1
67,2,81,1
67,3,102,1
67,4,185,2
67,5,199,1
67,6,270,1
67,7,318,1
67,8,3,3
67,9,84,3
67,10,144,3
67,11,274,3
67,12,316,3
67,13,42,15
67,14,210,21
67,15,204,25
67,16,135,27
67,17,168,29
67,18,136,28
67,19,197,43
67,20,141,48
67,21,85,52
67,22,115,54
67,23,309,58
67,24,144,59
67,25,125,62
67,26,141,62
67,27,32,66
67,28,176,65
67,29,282,69
67,30,79,70
67,31,79,82
67,32,171,82
67,33,246,92
67,34,155,92
67,35,166,95
67,36,275,95
67,37,205,102
67,38,153,97
67,39,94,101
67,40,105,101
67,41,44,105
67,42,96,106
67,43,148,109
67,44,42,108
67,45,170,112
67,46,128,112
67,47,157,122
67,48,165,115
67,49,201,118
67,50,229,122
67,51,132,120
67,52,86,126
67,53,217,126
67,54,67,125
67,55,276,127
67,56,93,130
67,57,100,135
67,58,136,150
67,59,179,145
67,60,43,149
67,61,71,152
67,62,225,156
67,63,277,157
67,64,188,161
67,65,112,171
67,66,146,169
67,67,91,171
67,68,41,173
67,69,165,181
67,70,178,182
67,71,194,178
67,72,59,176
67,73,73,182
67,74,264,183
67,75,86,187
67,76,144,194
67,77,245,196
67,78,33,198
67,79,159,198
67,80,207,200
67,81,275,197
67,82,52,200
67,83,251,198
67,84,31,201
67,85,157,201
67,86,183,201
67,87,64,205
67,88,230,208
67,89,264,208
67,90,294,217
67,91,88,217
67,92,274,217
67,93,29,221
67,94,131,222
67,95,221,227
67,96,259,225
67,97,130,223
67,98,266,225
67,99,126,228
67,100,62,229
67,101,72,229
67,102,77,229
67,103,243,232
67,104,157,234
67,105,115,233
67,106,57,234
67,107,106,240
67,108,212,241
67,109,286,241
67,110,85,242
67,111,129,249
67,112,165,250
67,113,74,256
67,114,64,258
67,115,123,260
67,116,262,263
67,117,161,265
67,118,180,263
67,119,251,265
67,120,177,266
67,121,132,269
67,122,227,269
67,123,100,272
67,124,80,274
67,125,203,274
67,126,206,276
67,127,203,282
67,128,122,289
67,129,189,286
67,130,80,290
67,131,109,289
67,132,201,289
67,133,84,292
67,134,275,296
67,135,69,301
67,136,277,309
67,137,215,310
67,138,283,310
67,139,200,314
68,0,1,1
68,1,52,1
68,2,225,2
68,3,3,3
68,4,74,3
68,5,84,3
68,6,104,3
68,7,47,6
68,8,44,9
68,9,214,22
68,10,168,29
68,11,135,34
68,12,202,48
68,13,142,47
68,14,297,47
68,15,274,49
68,16,113,53
68,17,92,57
68,18,132,59
68,19,28,66
68,20,283,68
68,21,82,71
68,22,69,77
68,23,72,78
68,24,107,84
68,25,201,92
68,26,248,94
68,27,275,96
68,28,91,94
68,29,154,97
68,30,211,100
68,31,136,101
68,32,169,109
68,33,248,105
68,34,46,104
68,35,143,108
68,36,125,110
68,37,95,110
68,38,198,120
68,39,229,122
68,40,92,128
68,41,103,125
68,42,106,125
68,43,155,126
68,44,63,126
68,45,84,126
68,46,229,129
68,47,54,133
68,48,219,135
68,49,113,135
68,50,131,142
68,51,74,144
68,52,133,146
68,53,97,154
68,54,220,154
68,55,139,158
68,56,184,160
68,57,96,165
68,58,235,165
68,59,114,173
68,60,64,173
68,61,192,177
68,62,169,181
68,63,63,177
68,64,176,181
68,65,72,182
68,66,92,186
68,67,181,188
68,68,262,191
68,69,166,189
68,70,152,193
68,71,164,196
68,72,33,196
68,73,36,196
68,74,208,199
68,75,233,205
68,76,50,204
68,77,90,208
68,78,264,212
68,79,270,216
68,80,274,218
68,81,291,218
68,82,218,222
68,83,316,220
68,84,31,222
68,85,124,225
68,86,80,225
68,87,141,226
68,88,265,229
68,89,57,229
68,90,79,228
68,91,69,231
68,92,77,230
68,93,80,230
68,94,93,230
68,95,199,230
68,96,85,236
68,97,153,233
68,98,156,233
68,99,215,234
68,100,211,237
68,101,240,239
68,102,100,240
68,103,290,244
68,104,3,246
68,105,76,256
68,106,174,259
68,107,267,260
68,108,64,263
68,109,155,261
68,110,157,263
68,111,21,262
68,112,176,262
68,113,133,266
68,114,144,278
68,115,77,277
68,116,44,278
68,117,148,280
68,118,204,281
68,119,73,282
68,120,86,285
68,121,122,291
68,122,169,293
68,123,142,296
68,124,216,312
68,125,204,315
69,0,20,1
69,1,41,3
69,2,86,1
69,3,115,1
69,4,157,1
69,5,246,1
69,6,16,3
69,7,114,3
69,8,116,3
69,9,168,3
69,10,193,3
69,11,248,3
69,12,44,8
69,13,311,12
69,14,212,21
69,15,169,25
69,16,51,29
69,17,162,34
69,18,140,39
69,19,201,45
69,20,94,58
69,21,111,62
69,22,289,62
69,23,136,65
69,24,285,65
69,25,84,70
69,26,28,72
69,27,64,76
69,28,25,76
69,29,271,77
69,30,88,91
69,31,274,92
69,32,207,98
69,33,168,97
69,34,91,95
69,35,96,99
69,36,246,100
69,37,155,104
69,38,124,104
69,39,125,107
69,40,176,110
69,41,252,111
69,42,48,110
69,43,151,110
69,44,147,115
69,45,165,118
69,46,220,119
69,47,204,120
69,48,81,127
69,49,15,125
69,50,93,127
69,51,61,130
69,52,91,130
69,53,110,134
69,54,217,139
69,55,130,139
69,56,128,141
69,57,97,154
69,58,215,154
69,59,185,156
69,60,142,159
69,61,95,158
69,62,191,162
69,63,117,167
69,64,193,165
69,65,168,170
69,66,62,179
69,67,190,180
69,68,176,181
69,69,75,182
69,70,166,189
69,71,266,187
69,72,78,186
69,73,95,190
69,74,153,193
69,75,100,194
69,76,208,202
69,77,33,197
69,78,49,207
69,79,258,209
69,80,270,213
69,81,233,214
69,82,97,217
69,83,140,220
69,84,211,219
69,85,318,220
69,86,289,223
69,87,125,224
69,88,163,222
69,89,220,222
69,90,64,227
69,91,35,226
69,92,261,229
69,93,83,232
69,94,151,233
69,95,240,237
69,96,154,236
69,97,207,239
69,98,113,238
69,99,293,241
69,100,101,242
69,101,169,245
69,102,71,253
69,103,273,258
69,104,71,258
69,105,55,261
69,106,238,261
69,107,174,262
69,108,171,264
69,109,156,265
69,110,15,266
69,111,129,266
69,112,131,269
69,113,60,274
69,114,64,274
69,115,283,277
69,116,43,278
69,117,46,278
69,118,12,281
69,119,201,281
69,120,218,286
69,121,163,285
69,122,85,288
69,123,201,289
69,124,122,292
69,125,11,297
69,126,266,297
69,127,252,310
70,0,63,1
70,1,138,1
70,2,192,1
70,3,221,1
70,4,48,3
70,5,272,3
70,6,309,3
70,7,164,21
70,8,170,24
70,9,211,24
70,10,142,41
70,11,196,46
70,12,95,57
70,13,119,59
70,14,78,69
70,15,142,70
70,16,289,69
70,17,21,69
70,18,66,75
70,19,99,86
70,20,205,90
70,21,88,93
70,22,168,97
70,23,278,99
70,24,213,98
70,25,246,99
70,26,122,103
70,27,121,104
70,28,156,108
70,29,117,106
70,30,126,106
70,31,48,108
70,32,252,112
70,33,172,115
70,34,192,113
70,35,206,119
70,36,221,123
70,37,118,122
70,38,163,122
70,39,62,123
70,40,88,125
70,41,60,126
70,42,92,126
70,43,72,135
70,44,51,136
70,45,109,141
70,46,224,141
70,47,125,146
70,48,60,145
70,49,292,145
70,50,215,152
70,51,143,152
70,52,190,154
70,53,89,159
70,54,232,162
70,55,114,168
70,56,71,170
70,57,194,175
70,58,275,173
70,59,165,178
70,60,110,177
70,61,58,178
70,62,177,180
70,63,75,183
70,64,57,182
70,65,152,184
70,66,163,182
70,67,263,187
70,68,185,184
70,69,23,185
70,70,94,190
70,71,207,196
70,72,185,197
70,73,165,199
70,74,37,201
70,75,48,203
70,76,35,204
70,77,274,208
70,78,210,207
70,79,244,210
70,80,257,210
70,81,140,211
70,82,263,208
70,83,93,214
70,84,88,217
70,85,127,219
70,86,285,219
70,87,317,223
70,88,35,222
70,89,68,220
70,90,68,224
70,91,264,228
70,92,223,229
70,93,79,228
70,94,15,229
70,95,151,229
70,96,154,229
70,97,48,230
70,98,152,232
70,99,81,231
70,100,244,234
70,101,228,239
70,102,232,235
70,103,204,241
70,104,290,242
70,105,160,248
70,106,161,249
70,107,70,253
70,108,272,255
70,109,58,254
70,110,169,259
70,111,145,264
70,112,87,266
70,113,195,266
70,114,132,267
70,115,13,270
70,116,133,272
70,117,223,272
70,118,181,273
70,119,66,277
70,120,65,280
70,121,137,282
70,122,222,284
70,123,12,282
70,124,27,285
70,125,37,286
70,126,256,286
70,127,200,289
70,128,71,290
70,129,74,290
70,130,85,292
70,131,196,292
70,132,124,302
70,133,184,312
70,134,128,313
71,0,46,1
71,1,65,2
71,2,158,1
71,3,182,1
71,4,22,3
71,5,116,3
71,6,200,7
71,7,205,25
71,8,172,23
71,9,200,39
71,10,136,43
71,11,99,59
71,12,124,61
71,13,285,65
71,14,140,66
71,15,74,65
71,16,76,67
71,17,17,69
71,18,18,71
71,19,72,72
71,20,206,85
71,21,52,92
71,22,168,93
71,23,53,96
71,24,97,97
71,25,241,98
71,26,277,100
71,27,208,101
71,28,121,101
71,29,159,106
71,30,250,113
71,31,213,115
71,32,170,118
71,33,83,124
71,34,220,127
71,35,96,127
71,36,56,129
71,37,135,130
71,38,76,138
71,39,80,138
71,40,231,141
71,41,105,142
71,42,35,142
71,43,31,145
71,44,215,149
71,45,120,149
71,46,140,151
71,47,188,155
71,48,89,158
71,49,193,161
71,50,233,161
71,51,112,168
71,52,186,178
71,53,165,179
71,54,149,184
71,55,75,184
71,56,54,186
71,57,263,187
71,58,92,189
71,59,209,202
71,60,174,202
71,61,261,202
71,62,49,204
71,63,37,206
71,64,273,207
71,65,97,211
71,66,285,211
71,67,140,213
71,68,245,213
71,69,195,213
71,70,317,215
71,71,128,217
71,72,36,218
71,73,65,221
71,74,73,224
71,75,101,221
71,76,256,224
71,77,152,226
71,78,220,227
71,79,221,229
71,80,220,232
71,81,224,232
71,82,269,235
71,83,121,233
71,84,44,234
71,85,229,235
71,86,201,237
71,87,48,236
71,88,246,240
71,89,286,245
71,90,43,244
71,91,145,246
71,92,269,251
71,93,20,256
71,94,136,261
71,95,169,257
71,96,87,258
71,97,72,261
71,98,173,262
71,99,310,272
71,100,107,273
71,101,311,273
71,102,65,274
71,103,226,279
71,104,224,281
71,105,137,286
71,106,87,290
71,107,198,292
71,108,77,293
71,109,119,296
71,110,11,312
71,111,161,312
71,112,191,317
72,0,1,1
72,1,37,2
72,2,74,1
72,3,124,1
72,4,3,3
72,5,30,3
72,6,112,3
72,7,120,3
72,8,196,3
72,9,313,3
72,10,187,13
72,11,204,20
72,12,176,30
72,13,143,39
72,14,205,42
72,15,132,47
72,16,100,54
72,17,124,56
72,18,76,62
72,19,142,61
72,20,285,63
72,21,136,65
72,22,61,66
72,23,24,66
72,24,26,68
72,25,151,75
72,26,60,87
72,27,202,89
72,28,169,99
72,29,98,96
72,30,276,97
72,31,84,97
72,32,87,97
72,33,88,98
72,34,122,101
72,35,147,99
72,36,149,101
72,37,214,102
72,38,243,103
72,39,253,106
72,40,156,109
72,41,155,112
72,42,160,119
72,43,172,119
72,44,304,118
72,45,212,121
72,46,53,127
72,47,87,124
72,48,85,127
72,49,100,132
72,50,228,135
72,51,110,137
72,52,135,147
72,53,99,145
72,54,122,149
72,55,317,149
72,56,186,154
72,57,217,153
72,58,94,162
72,59,256,162
72,60,110,167
72,61,188,178
72,62,160,176
72,63,273,182
72,64,55,183
72,65,77,184
72,66,261,188
72,67,151,186
72,68,147,188
72,69,194,189
72,70,35,193
72,71,94,196
72,72,180,197
72,73,48,197
72,74,50,198
72,75,53,200
72,76,252,203
72,77,215,206
72,78,264,207
72,79,170,204
72,80,38,208
72,81,95,207
72,82,285,207
72,83,288,212
72,84,68,217
72,85,135,221
72,86,76,223
72,87,71,220
72,88,252,226
72,89,269,232
72,90,152,230
72,91,229,236
72,92,208,233
72,93,46,232
72,94,284,248
72,95,109,249
72,96,244,249
72,97,14,249
72,98,269,257
72,99,230,257
72,100,35,257
72,101,21,261
72,102,68,265
72,103,142,267
72,104,309,265
72,105,229,275
72,106,45,281
72,107,50,281
72,108,136,284
72,109,11,288
72,110,202,290
72,111,80,289
72,112,31,290
72,113,78,292
72,114,117,295
72,115,77,293
72,116,91,293
73,0,16,1
73,1,57,1
73,2,89,1
73,3,124,1
73,4,153,1
73,5,214,1
73,6,33,3
73,7,96,3
73,8,104,3
73,9,142,3
73,10,208,13
73,11,145,35
73,12,169,37
73,13,130,50
73,14,208,54
73,15,108,53
73,16,133,61
73,17,82,64
73,18,55,66
73,19,26,66
73,20,152,70
73,21,284,69
73,22,201,85
73,23,204,88
73,24,52,89
73,25,56,90
73,26,173,100
73,27,218,97
73,28,244,97
73,29,280,99
73,30,87,101
73,31,120,101
73,32,148,101
73,33,97,102
73,34,102,102
73,35,250,113
73,36,177,114
73,37,150,118
73,38,206,117
73,39,209,119
73,40,166,120
73,41,172,124
73,42,49,128
73,43,108,132
73,44,94,132
73,45,229,135
73,46,80,137
73,47,77,140
73,48,131,147
73,49,116,152
73,50,121,153
73,51,218,156
73,52,189,157
73,53,95,159
73,54,236,158
73,55,161,171
73,56,112,171
73,57,179,180
73,58,193,184
73,59,272,181
73,60,79,183
73,61,60,186
73,62,155,186
73,63,177,190
73,64,263,196
73,65,277,193
73,66,50,195
73,67,52,194
73,68,42,197
73,69,211,205
73,70,101,205
73,71,173,208
73,72,252,209
73,73,292,215
73,74,265,218
73,75,37,214
73,76,74,217
73,77,132,220
73,78,77,220
73,79,125,222
73,80,269,230
73,81,232,230
73,82,44,233
73,83,97,233
73,84,42,236
73,85,155,238
73,86,214,238
73,87,229,238
73,88,284,241
73,89,116,249
73,90,159,249
73,91,241,250
73,92,119,252
73,93,310,252
73,94,268,262
73,95,14,264
73,96,69,268
73,97,145,270
73,98,148,274
73,99,160,276
73,100,218,279
73,101,54,281
73,102,220,282
73,103,80,285
73,104,136,290
73,105,78,286
73,106,82,286
73,107,202,288
73,108,12,290
73,109,71,297
73,110,97,297
73,111,120,297
73,112,141,297
73,113,215,309
74,0,17,1
74,1,58,1
74,2,85,1
74,3,197,1
74,4,41,3
74,5,61,3
74,6,82,3
74,7,194,3
74,8,216,3
74,9,210,18
74,10,43,21
74,11,148,35
74,12,164,45
74,13,139,46
74,14,128,53
74,15,111,52
74,16,202,55
74,17,86,61
74,18,57,66
74,19,152,68
74,20,288,71
74,21,30,71
74,22,202,84
74,23,60,85
74,24,64,86
74,25,244,89
74,26,225,92
74,27,270,89
74,28,174,97
74,29,121,102
74,30,278,102
74,31,90,102
74,32,99,102
74,33,101,102
74,34,157,105
74,35,244,106
74,36,252,112
74,37,181,113
74,38,206,118
74,39,84,118
74,40,168,121
74,41,148,122
74,42,85,122
74,43,88,124
74,44,231,131
74,45,112,130
74,46,94,131
74,47,53,132
74,48,70,141
74,49,126,144
74,50,310,144
74,51,99,154
74,52,228,159
74,53,125,157
74,54,190,176
74,55,160,172
74,56,182,171
74,57,113,175
74,58,180,175
74,59,77,180
74,60,277,183
74,61,80,182
74,62,46,189
74,63,153,192
74,64,176,193
74,65,45,191
74,66,267,197
74,67,41,193
74,68,102,199
74,69,208,197
74,70,177,205
74,71,34,205
74,72,53,205
74,73,213,209
74,74,293,215
74,75,258,214
74,76,126,222
74,77,261,218
74,78,80,220
74,79,79,222
74,80,263,226
74,81,66,224
74,82,77,225
74,83,231,229
74,84,209,229
74,85,217,235
74,86,141,236
74,87,237,243
74,88,283,241
74,89,164,245
74,90,121,246
74,91,278,245
74,92,245,249
74,93,221,254
74,94,271,261
74,95,66,263
74,96,16,262
74,97,143,268
74,98,76,278
74,99,153,273
74,100,143,274
74,101,48,277
74,102,225,283
74,103,59,283
74,104,94,285
74,105,26,286
74,106,204,286
74,107,133,288
74,108,206,288
74,109,134,290
74,110,95,294
74,111,124,294
74,112,125,297
74,113,97,298
74,114,185,305
74,115,199,306
74,116,171,309
74,117,257,310
74,118,132,313
74,119,298,316
75,0,41,2
75,1,81,1
75,2,176,1
75,3,76,3
75,4,180,3
75,5,211,20
75,6,75,22
75,7,150,32
75,8,132,51
75,9,160,50
75,10,111,57
75,11,84,60
75,12,205,59
75,13,54,70
75,14,27,72
75,15,153,75
75,16,285,73
75,17,288,72
75,18,209,78
75,19,316,76
75,20,244,82
75,21,221,85
75,22,176,95
75,23,119,97
75,24,103,101
75,25,91,101
75,26,155,104
75,27,274,103
75,28,310,109
75,29,178,116
75,30,119,114
75,31,249,118
75,32,213,120
75,33,149,121
75,34,57,121
75,35,35,121
75,36,86,124
75,37,145,122
75,38,185,126
75,39,230,132
75,40,113,133
75,41,127,137
75,42,162,137
75,43,65,137
75,44,125,149
75,45,97,161
75,46,231,161
75,47,233,165
75,48,185,171
75,49,112,169
75,50,115,171
75,51,164,173
75,52,56,174
75,53,196,180
75,54,276,182
75,55,76,182
75,56,189,184
75,57,38,188
75,58,170,192
75,59,152,192
75,60,227,190
75,61,204,195
75,62,270,196
75,63,36,195
75,64,88,197
75,65,101,197
75,66,247,201
75,67,105,202
75,68,168,205
75,69,32,203
75,70,143,205
75,71,60,206
75,72,211,206
75,73,208,209
75,74,299,211
75,75,127,218
75,76,261,223
75,77,73,224
75,78,60,226
75,79,57,228
75,80,127,231
75,81,253,229
75,82,143,232
75,83,227,234
75,84,54,236
75,85,223,239
75,86,284,243
75,87,172,245
75,88,236,245
75,89,246,252
75,90,17,258
75,91,269,261
75,92,141,264
75,93,70,268
75,94,80,277
75,95,144,276
75,96,45,277
75,97,231,277
75,98,11,281
75,99,41,282
75,100,128,287
75,101,206,291
75,102,125,290
75,103,133,291
75,104,220,294
75,105,101,298
75,106,120,304
76,0,1,1
76,1,53,1
76,2,82,1
76,3,111,1
76,4,171,1
76,5,56,3
76,6,92,3
76,7,200,3
76,8,232,3
76,9,210,22
76,10,291,25
76,11,149,39
76,12,183,45
76,13,134,50
76,14,203,49
76,15,163,51
76,16,57,53
76,17,80,63
76,18,110,64
76,19,292,65
76,20,33,67
76,21,148,75
76,22,204,76
76,23,47,74
76,24,248,81
76,25,58,82
76,26,167,82
76,27,163,85
76,28,221,86
76,29,123,94
76,30,152,96
76,31,200,93
76,32,303,94
76,33,165,97
76,34,100,101
76,35,173,101
76,36,76,102
76,37,268,100
76,38,272,104
76,39,84,112
76,40,144,114
76,41,176,118
76,42,204,118
76,43,90,122
76,44,246,125
76,45,48,126
76,46,212,127
76,47,108,130
76,48,125,137
76,49,230,140
76,50,109,147
76,51,149,152
76,52,224,161
76,53,96,161
76,54,99,161
76,55,60,168
76,56,108,170
76,57,184,175
76,58,58,171
76,59,53,173
76,60,165,175
76,61,198,176
76,62,73,180
76,63,277,180
76,64,72,182
76,65,146,186
76,66,37,189
76,67,137,186
76,68,188,190
76,69,104,194
76,70,57,193
76,71,184,194
76,72,208,196
76,73,165,198
76,74,263,202
76,75,221,203
76,76,112,208
76,77,109,210
76,78,171,210
76,79,204,214
76,80,317,217
76,81,305,218
76,82,70,217
76,83,257,219
76,84,68,219
76,85,73,219
76,86,78,222
76,87,119,221
76,88,235,225
76,89,263,222
76,90,268,226
76,91,124,228
76,92,52,225
76,93,249,226
76,94,251,228
76,95,54,228
76,96,144,231
76,97,229,229
76,98,188,234
76,99,172,244
76,100,250,244
76,101,290,245
76,102,31,245
76,103,224,248
76,104,104,253
76,105,119,256
76,106,139,253
76,107,241,255
76,108,183,260
76,109,258,261
76,110,76,262
76,111,194,265
76,112,280,266
76,113,41,279
76,114,43,278
76,115,146,278
76,116,130,281
76,117,129,283
76,118,127,285
76,119,76,285
76,120,81,286
76,121,199,289
76,122,216,292
76,123,180,290
76,124,205,290
76,125,155,296
76,126,110,302
76,127,73,302
76,128,118,302
76,129,11,312
76,130,282,312
77,0,42,2
77,1,120,1
77,2,224,1
77,3,244,1
77,4,220,3
77,5,242,3
77,6,246,3
77,7,166,9
77,8,210,21
77,9,148,33
77,10,151,40
77,11,137,45
77,12,128,46
77,13,216,50
77,14,137,58
77,15,105,64
77,16,81,64
77,17,33,65
77,18,53,69
77,19,289,68
77,20,34,68
77,21,159,69
77,22,202,76
77,23,246,77
77,24,148,79
77,25,225,83
77,26,62,83
77,27,165,82
77,28,124,90
77,29,152,89
77,30,272,94
77,31,200,93
77,32,305,94
77,33,97,97
77,34,168,101
77,35,72,103
77,36,172,116
77,37,145,117
77,38,199,117
77,39,84,119
77,40,242,124
77,41,97,126
77,42,54,125
77,43,123,127
77,44,67,130
77,45,177,130
77,46,64,134
77,47,233,139
77,48,132,142
77,49,291,141
77,50,303,142
77,51,99,164
77,52,226,165
77,53,187,169
77,54,60,168
77,55,54,169
77,56,57,169
77,57,236,171
77,58,173,176
77,59,195,181
77,60,309,176
77,61,76,177
77,62,73,180
77,63,280,183
77,64,146,183
77,65,310,185
77,66,38,186
77,67,106,194
77,68,207,197
77,69,29,196
77,70,104,196
77,71,167,205
77,72,223,203
77,73,249,205
77,74,110,206
77,75,257,206
77,76,258,208
77,77,37,209
77,78,38,212
77,79,74,214
77,80,125,216
77,81,301,217
77,82,235,216
77,83,265,219
77,84,257,226
77,85,70,225
77,86,144,229
77,87,231,233
77,88,273,231
77,89,130,233
77,90,127,234
77,91,167,243
77,92,220,241
77,93,11,243
77,94,292,245
77,95,31,246
77,96,252,248
77,97,31,250
77,98,116,252
77,99,120,254
77,100,80,257
77,101,136,259
77,102,78,259
77,103,240,260
77,104,260,262
77,105,241,263
77,106,233,268
77,107,77,276
77,108,144,279
77,109,36,278
77,110,80,278
77,111,75,284
77,112,74,288
77,113,20,287
77,114,121,290
77,115,214,291
77,116,9,290
77,117,12,290
77,118,197,293
77,119,88,293
77,120,43,297
77,121,112,301
77,122,307,301
77,123,111,303
77,124,109,304
77,125,163,305
77,126,227,305
77,127,111,308
77,128,116,312
77,129,215,312
78,0,1,1
78,1,38,3
78,2,74,1
78,3,172,1
78,4,194,1
78,5,3,3
78,6,84,3
78,7,220,3
78,8,20,9
78,9,213,13
78,10,149,39
78,11,130,46
78,12,283,53
78,13,216,57
78,14,29,63
78,15,136,62
78,16,60,66
78,17,86,66
78,18,105,68
78,19,253,70
78,20,294,73
78,21,151,81
78,22,169,77
78,23,210,77
78,24,265,81
78,25,263,84
78,26,227,88
78,27,56,88
78,28,120,90
78,29,53,89
78,30,56,92
78,31,272,96
78,32,96,97
78,33,67,97
78,34,65,98
78,35,169,107
78,36,239,108
78,37,63,106
78,38,55,109
78,39,209,110
78,40,196,113
78,41,144,122
78,42,177,124
78,43,59,123
78,44,125,124
78,45,98,128
78,46,87,129
78,47,66,132
78,48,117,134
78,49,234,140
78,50,130,142
78,51,215,149
78,52,98,164
78,53,218,166
78,54,222,168
78,55,187,173
78,56,204,175
78,57,148,175
78,58,178,182
78,59,198,185
78,60,288,184
78,61,44,182
78,62,84,182
78,63,82,184
78,64,188,192
78,65,202,191
78,66,110,197
78,67,28,193
78,68,205,193
78,69,207,196
78,70,29,195
78,71,252,197
78,72,168,199
78,73,74,207
78,74,256,208
78,75,212,209
78,76,220,211
78,77,39,212
78,78,266,223
78,79,304,217
78,80,123,217
78,81,125,220
78,82,140,226
78,83,248,225
78,84,62,224
78,85,128,228
78,86,231,229
78,87,79,229
78,88,204,229
78,89,81,230
78,90,220,237
78,91,281,243
78,92,283,243
78,93,166,246
78,94,34,246
78,95,248,251
78,96,22,250
78,97,116,252
78,98,78,253
78,99,82,254
78,100,77,255
78,101,76,257
78,102,129,262
78,103,264,265
78,104,248,269
78,105,75,269
78,106,78,272
78,107,141,276
78,108,36,280
78,109,74,282
78,110,68,284
78,111,71,284
78,112,200,291
78,113,118,292
78,114,293,290
78,115,220,293
78,116,80,297
78,117,255,298
78,118,65,301
78,119,113,304
78,120,220,306
78,121,128,312
78,122,235,312
78,123,251,313
79,0,1,1
79,1,37,5
79,2,135,1
79,3,3,3
79,4,11,3
79,5,52,3
79,6,60,3
79,7,112,3
79,8,148,3
79,9,200,3
79,10,223,3
79,11,217,11
79,12,153,37
79,13,136,39
79,14,122,46
79,15,282,50
79,16,213,56
79,17,132,61
79,18,28,60
79,19,89,65
79,20,24,65
79,21,26,65
79,22,54,67
79,23,50,69
79,24,257,70
79,25,104,71
79,26,297,72
79,27,211,72
79,28,172,76
79,29,153,77
79,30,51,83
79,31,164,90
79,32,226,93
79,33,161,92
79,34,268,94
79,35,122,95
79,36,65,94
79,37,68,95
79,38,94,97
79,39,143,97
79,40,176,101
79,41,202,109
79,42,244,108
79,43,181,111
79,44,59,118
79,45,129,121
79,46,61,120
79,47,179,122
79,48,149,125
79,49,84,129
79,50,281,129
79,51,60,130
79,52,64,130
79,53,233,137
79,54,107,136
79,55,102,141
79,56,129,144
79,57,127,151
79,58,209,167
79,59,92,166
79,60,101,170
79,61,190,184
79,62,153,173
79,63,127,173
79,64,84,179
79,65,179,182
79,66,43,181
79,67,44,186
79,68,137,186
79,69,291,188
79,70,182,187
79,71,307,190
79,72,31,192
79,73,113,192
79,74,249,194
79,75,103,193
79,76,209,194
79,77,114,194
79,78,101,195
79,79,99,197
79,80,162,198
79,81,115,198
79,82,72,203
79,83,40,205
79,84,74,207
79,85,76,209
79,86,208,212
79,87,241,210
79,88,254,216
79,89,125,219
79,90,306,219
79,91,266,223
79,92,253,224
79,93,57,227
79,94,142,227
79,95,218,230
79,96,83,233
79,97,164,238
79,98,261,237
79,99,288,244
79,100,33,242
79,101,243,250
79,102,23,252
79,103,245,253
79,104,114,260
79,105,263,262
79,106,129,265
79,107,249,268
79,108,262,266
79,109,75,278
79,110,33,285
79,111,37,286
79,112,145,289
79,113,201,290
79,114,181,289
79,115,74,293
79,116,228,295
79,117,111,302
79,118,272,298
79,119,84,310
79,120,124,312
79,121,173,312
79,122,299,313
80,0,1,1
80,1,14,1
80,2,33,3
80,3,66,1
80,4,87,1
80,5,112,1
80,6,181,1
80,7,214,1
80,8,3,3
80,9,64,3
80,10,82,3
80,11,172,3
80,12,208,3
80,13,36,8
80,14,213,10
80,15,247,10
80,16,213,16
80,17,156,37
80,18,271,30
80,19,138,41
80,20,148,41
80,21,118,52
80,22,26,52
80,23,139,53
80,24,222,54
80,25,160,57
80,26,129,61
80,27,297,60
80,28,54,66
80,29,97,70
80,30,148,70
80,31,145,72
80,32,171,74
80,33,257,75
80,34,217,77
80,35,47,81
80,36,240,89
80,37,264,95
80,38,92,96
80,39,123,97
80,40,68,97
80,41,164,101
80,42,183,113
80,43,239,107
80,44,202,111
80,45,240,110
80,46,25,112
80,47,133,116
80,48,58,125
80,49,83,124
80,50,92,132
80,51,146,130
80,52,108,133
80,53,235,137
80,54,52,137
80,55,231,141
80,56,129,147
80,57,173,150
80,58,219,150
80,59,89,154
80,60,52,165
80,61,208,167
80,62,89,172
80,63,100,169
80,64,153,172
80,65,192,183
80,66,291,184
80,67,79,182
80,68,44,186
80,69,177,188
80,70,307,185
80,71,109,194
80,72,206,192
80,73,25,190
80,74,29,190
80,75,160,201
80,76,249,198
80,77,69,197
80,78,44,205
80,79,267,214
80,80,211,213
80,81,71,214
80,82,308,218
80,83,249,221
80,84,125,224
80,85,63,222
80,86,62,224
80,87,60,225
80,88,144,225
80,89,215,232
80,90,87,230
80,91,84,232
80,92,165,243
80,93,44,243
80,94,18,246
80,95,87,246
80,96,240,248
80,97,285,247
80,98,288,246
80,99,83,250
80,100,19,253
80,101,311,253
80,102,263,265
80,103,171,261
80,104,112,262
80,105,127,265
80,106,130,268
80,107,131,270
80,108,190,270
80,109,135,272
80,110,276,275
80,111,267,281
80,112,206,285
80,113,35,286
80,114,202,288
80,115,80,290
80,116,149,294
80,117,101,297
80,118,115,303
80,119,221,298
80,120,222,302
80,121,161,313
81,0,1,1
81,1,43,2
81,2,86,1
81,3,156,1
81,4,195,1
81,5,3,3
81,6,128,3
81,7,200,3
81,8,244,3
81,9,31,9
81,10,32,10
81,11,209,13
81,12,273,14
81,13,284,22
81,14,154,30
81,15,149,42
81,16,158,44
81,17,222,52
81,18,20,56
81,19,123,58
81,20,293,60
81,21,151,65
81,22,177,62
81,23,172,67
81,24,99,70
81,25,53,70
81,26,88,70
81,27,108,70
81,28,220,78
81,29,252,77
81,30,54,84
81,31,52,86
81,32,267,86
81,33,93,91
81,34,233,90
81,35,57,96
81,36,190,97
81,37,68,98
81,38,72,100
81,39,132,102
81,40,268,105
81,41,272,104
81,42,155,106
81,43,158,106
81,44,266,106
81,45,242,109
81,46,263,107
81,47,209,114
81,48,180,118
81,49,136,118
81,50,79,117
81,51,82,117
81,52,307,121
81,53,56,124
81,54,240,124
81,55,23,125
81,56,100,132
81,57,145,137
81,58,130,145
81,59,237,147
81,60,125,149
81,61,93,166
81,62,27,164
81,63,46,168
81,64,206,179
81,65,100,173
81,66,154,177
81,67,191,184
81,68,291,180
81,69,199,179
81,70,78,184
81,71,164,189
81,72,34,188
81,73,173,191
81,74,159,190
81,75,107,193
81,76,73,197
81,77,72,199
81,78,156,202
81,79,243,204
81,80,68,202
81,81,265,205
81,82,41,205
81,83,38,206
81,84,210,211
81,85,266,219
81,86,247,218
81,87,61,224
81,88,309,224
81,89,118,226
81,90,132,226
81,91,146,230
81,92,130,229
81,93,316,229
81,94,85,231
81,95,123,232
81,96,212,233
81,97,32,234
81,98,34,236
81,99,224,240
81,100,243,244
81,101,289,243
81,102,309,241
81,103,91,244
81,104,165,246
81,105,242,249
81,106,204,254
81,107,19,258
81,108,263,264
81,109,108,265
81,110,109,268
81,111,185,268
81,112,62,269
81,113,129,271
81,114,77,284
81,115,205,286
81,116,107,286
81,117,35,290
81,118,14,292
81,119,221,294
81,120,149,294
81,121,115,298
81,122,109,302
81,123,120,309
81,124,248,311
82,0,42,1
82,1,91,1
82,2,149,2
82,3,183,1
82,4,213,1
82,5,246,1
82,6,46,3
82,7,186,3
82,8,216,3
82,9,36,9
82,10,285,14
82,11,205,19
82,12,113,20
82,13,154,25
82,14,146,44
82,15,311,41
82,16,222,48
82,17,291,51
82,18,112,54
82,19,294,54
82,20,144,62
82,21,17,62
82,22,100,67
82,23,180,69
82,24,17,68
82,25,56,70
82,26,131,74
82,27,213,76
82,28,253,81
82,29,52,81
82,30,237,85
82,31,93,87
82,32,192,90
82,33,130,97
82,34,70,103
82,35,271,104
82,36,69,106
82,37,72,106
82,38,273,108
82,39,213,113
82,40,243,114
82,41,176,120
82,42,56,124
82,43,79,121
82,44,133,125
82,45,242,126
82,46,64,126
82,47,96,126
82,48,105,133
82,49,138,137
82,50,108,136
82,51,127,139
82,52,128,141
82,53,233,141
82,54,173,140
82,55,102,162
82,56,43,162
82,57,42,164
82,58,41,166
82,59,280,166
82,60,156,175
82,61,201,181
82,62,93,178
82,63,297,183
82,64,184,182
82,65,37,189
82,66,76,187
82,67,155,191
82,68,174,191
82,69,112,193
82,70,123,197
82,71,265,203
82,72,248,205
82,73,71,207
82,74,37,207
82,75,162,206
82,76,210,213
82,77,261,217
82,78,32,216
82,79,141,225
82,80,59,227
82,81,57,230
82,82,60,230
82,83,215,233
82,84,122,234
82,85,130,232
82,86,316,236
82,87,87,234
82,88,88,236
82,89,212,236
82,90,221,237
82,91,290,240
82,92,89,238
82,93,237,245
82,94,316,243
82,95,95,245
82,96,256,245
82,97,162,247
82,98,266,267
82,99,99,271
82,100,115,273
82,101,127,274
82,102,131,274
82,103,128,275
82,104,82,279
82,105,11,281
82,106,40,285
82,107,201,286
82,108,203,288
82,109,14,289
82,110,222,295
82,111,115,296
82,112,217,296
82,113,106,297
82,114,148,299
82,115,171,305
82,116,121,310
82,117,123,310
83,0,1,1
83,1,16,1
83,2,54,1
83,3,94,1
83,4,233,1
83,5,258,1
83,6,3,3
83,7,12,3
83,8,100,3
83,9,116,3
83,10,208,3
83,11,262,3
83,12,36,10
83,13,157,22
83,14,204,22
83,15,152,25
83,16,144,38
83,17,145,42
83,18,225,43
83,19,175,45
83,20,154,47
83,21,285,49
83,22,152,55
83,23,118,56
83,24,98,67
83,25,16,66
83,26,59,66
83,27,180,71
83,28,106,70
83,29,124,74
83,30,133,75
83,31,131,77
83,32,212,81
83,33,192,83
83,34,48,82
83,35,243,87
83,36,97,88
83,37,126,98
83,38,69,103
83,39,72,102
83,40,124,103
83,41,273,105
83,42,123,105
83,43,147,105
83,44,150,108
83,45,248,115
83,46,177,114
83,47,212,117
83,48,140,119
83,49,175,119
83,50,172,124
83,51,67,124
83,52,100,125
83,53,56,126
83,54,145,126
83,55,67,128
83,56,108,133
83,57,233,138
83,58,125,138
83,59,136,142
83,60,127,142
83,61,128,144
83,62,90,149
83,63,102,164
83,64,179,166
83,65,47,167
83,66,44,169
83,67,94,175
83,68,203,181
83,69,153,178
83,70,281,179
83,71,38,186
83,72,183,186
83,73,60,186
83,74,69,186
83,75,165,186
83,76,297,189
83,77,160,190
83,78,111,195
83,79,29,193
83,80,168,201
83,81,73,206
83,82,253,203
83,83,207,205
83,84,317,215
83,85,265,214
83,86,20,214
83,87,252,221
83,88,18,221
83,89,316,221
83,90,138,226
83,91,255,228
83,92,237,229
83,93,297,235
83,94,85,235
83,95,169,235
83,96,212,235
83,97,125,237
83,98,42,238
83,99,315,241
83,100,234,241
83,101,133,249
83,102,241,253
83,103,19,262
83,104,105,267
83,105,106,269
83,106,274,270
83,107,263,271
83,108,57,273
83,109,129,276
83,110,60,276
83,111,87,280
83,112,111,285
83,113,17,286
83,114,35,288
83,115,201,290
83,116,205,288
83,117,100,293
83,118,219,294
83,119,114,297
83,120,243,297
83,121,145,301
83,122,152,302
83,123,247,309
83,124,185,312
84,0,37,4
84,1,101,2
84,2,201,2
84,3,173,3
84,4,275,9
84,5,53,10
84,6,216,20
84,7,160,22
84,8,216,38
84,9,232,37
84,10,142,41
84,11,144,44
84,12,286,45
84,13,123,54
84,14,157,54
84,15,149,57
84,16,144,57
84,17,62,61
84,18,101,64
84,19,16,66
84,20,53,78
84,21,182,78
84,22,138,79
84,23,214,77
84,24,196,80
84,25,213,79
84,26,209,83
84,27,39,81
84,28,202,83
84,29,238,85
84,30,253,87
84,31,98,90
84,32,262,97
84,33,133,99
84,34,152,101
84,35,68,104
84,36,141,104
84,37,242,112
84,38,170,117
84,39,219,120
84,40,250,122
84,41,103,125
84,42,140,125
84,43,172,128
84,44,52,129
84,45,63,130
84,46,106,132
84,47,78,134
84,48,107,134
84,49,199,137
84,50,233,140
84,51,129,142
84,52,291,160
84,53,44,161
84,54,45,164
84,55,154,166
84,56,104,169
84,57,200,173
84,58,94,172
84,59,99,170
84,60,176,173
84,61,208,176
84,62,211,184
84,63,36,180
84,64,152,185
84,65,165,182
84,66,43,186
84,67,165,188
84,68,196,191
84,69,299,192
84,70,108,196
84,71,277,194
84,72,251,199
84,73,167,200
84,74,179,197
84,75,181,199
84,76,72,199
84,77,69,202
84,78,206,208
84,79,266,213
84,80,239,221
84,81,253,224
84,82,53,223
84,83,141,225
84,84,107,228
84,85,125,234
84,86,51,229
84,87,171,230
84,88,168,234
84,89,219,233
84,90,315,236
84,91,85,237
84,92,217,236
84,93,291,236
84,94,273,238
84,95,95,244
84,96,240,249
84,97,121,253
84,98,17,265
84,99,264,272
84,100,278,271
84,101,100,274
84,102,128,273
84,103,276,273
84,104,24,274
84,105,130,275
84,106,80,281
84,107,58,282
84,108,164,292
84,109,211,296
84,110,229,295
84,111,111,296
84,112,153,298
84,113,283,297
84,114,176,298
84,115,219,300
84,116,159,304
84,117,303,306
84,118,237,310
84,119,245,313
84,120,121,317
84,121,124,316
85,0,1,1
85,1,78,1
85,2,96,1
85,3,32,5
85,4,3,3
85,5,201,9
85,6,215,10
85,7,267,8
85,8,165,25
85,9,205,29
85,10,108,30
85,11,216,41
85,12,148,43
85,13,287,45
85,14,121,53
85,15,157,56
85,16,90,57
85,17,64,64
85,18,101,65
85,19,20,69
85,20,135,78
85,21,203,82
85,22,237,81
85,23,52,82
85,24,80,82
85,25,185,85
85,26,92,91
85,27,249,90
85,28,261,97
85,29,134,96
85,30,145,104
85,31,63,105
85,32,171,109
85,33,242,114
85,34,222,117
85,35,143,116
85,36,15,117
85,37,243,124
85,38,104,128
85,39,63,125
85,40,65,126
85,41,171,129
85,42,144,130
85,43,75,129
85,44,287,129
85,45,155,137
85,46,236,141
85,47,135,145
85,48,42,167
85,49,96,172
85,50,194,173
85,51,206,176
85,52,155,177
85,53,74,178
85,54,109,179
85,55,215,187
85,56,304,187
85,57,113,196
85,58,29,194
85,59,40,194
85,60,156,196
85,61,74,196
85,62,166,198
85,63,193,198
85,64,253,199
85,65,68,198
85,66,72,198
85,67,181,201
85,68,121,202
85,69,95,209
85,70,202,219
85,71,273,219
85,72,259,223
85,73,60,221
85,74,155,221
85,75,170,227
85,76,141,226
85,77,136,227
85,78,125,234
85,79,225,231
85,80,289,230
85,81,82,236
85,82,248,240
85,83,36,239
85,84,97,241
85,85,37,244
85,86,232,247
85,87,317,245
85,88,88,246
85,89,77,256
85,90,267,273
85,91,101,272
85,92,106,272
85,93,275,275
85,94,62,277
85,95,130,280
85,96,291,281
85,97,203,285
85,98,215,291
85,99,158,294
85,100,212,296
85,101,119,297
85,102,104,298
85,103,105,302
85,104,156,304
85,105,121,312
85,106,229,312
86,0,29,1
86,1,156,1
86,2,317,1
86,3,16,3
86,4,42,3
86,5,100,3
86,6,140,3
86,7,301,8
86,8,131,17
86,9,216,19
86,10,168,23
86,11,313,25
86,12,255,34
86,13,220,39
86,14,200,42
86,15,289,47
86,16,149,48
86,17,123,51
86,18,166,54
86,19,21,60
86,20,105,62
86,21,150,64
86,22,24,62
86,23,68,65
86,24,232,75
86,25,287,73
86,26,143,77
86,27,185,79
86,28,137,84
86,29,52,82
86,30,204,85
86,31,210,88
86,32,245,93
86,33,23,93
86,34,140,99
86,35,261,97
86,36,283,97
86,37,62,108
86,38,163,106
86,39,165,109
86,40,241,121
86,41,43,117
86,42,97,117
86,43,170,125
86,44,71,127
86,45,309,126
86,46,145,134
86,47,148,134
86,48,236,137
86,49,121,138
86,50,99,141
86,51,125,141
86,52,132,144
86,53,36,160
86,54,92,165
86,55,96,168
86,56,147,168
86,57,213,176
86,58,193,173
86,59,9,174
86,60,154,179
86,61,98,181
86,62,62,181
86,63,305,185
86,64,42,185
86,65,64,184
86,66,65,186
86,67,40,190
86,68,210,190
86,69,71,189
86,70,36,192
86,71,114,195
86,72,180,195
86,73,166,197
86,74,195,196
86,75,260,195
86,76,31,197
86,77,29,198
86,78,249,201
86,79,260,200
86,80,157,201
86,81,61,206
86,82,272,214
86,83,253,215
86,84,198,220
86,85,119,219
86,86,64,223
86,87,208,222
86,88,272,224
86,89,140,226
86,90,267,228
86,91,124,228
86,92,172,229
86,93,15,229
86,94,222,234
86,95,288,234
86,96,33,239
86,97,253,239
86,98,84,239
86,99,201,241
86,100,47,245
86,101,225,249
86,102,228,253
86,103,19,265
86,104,98,265
86,105,101,266
86,106,269,268
86,107,263,279
86,108,134,280
86,109,27,281
86,110,247,281
86,111,88,282
86,112,183,285
86,113,219,294
86,114,224,298
86,115,153,301
86,116,25,302
86,117,119,302
86,118,117,311
87,0,46,1
87,1,80,1
87,2,114,4
87,3,195,2
87,4,40,3
87,5,104,3
87,6,26,10
87,7,172,23
87,8,81,21
87,9,220,25
87,10,225,43
87,11,63,41
87,12,284,45
87,13,115,45
87,14,165,51
87,15,148,54
87,16,65,58
87,17,68,57
87,18,100,58
87,19,144,65
87,20,25,64
87,21,113,69
87,22,232,70
87,23,116,72
87,24,53,76
87,25,194,79
87,26,208,78
87,27,137,81
87,28,57,80
87,29,205,83
87,30,202,86
87,31,247,89
87,32,90,91
87,33,140,96
87,34,241,93
87,35,301,94
87,36,262,101
87,37,154,109
87,38,164,115
87,39,68,114
87,40,228,117
87,41,94,117
87,42,242,123
87,43,73,130
87,44,53,133
87,45,124,135
87,46,141,135
87,47,84,135
87,48,104,137
87,49,81,136
87,50,234,138
87,51,131,149
87,52,41,158
87,53,92,164
87,54,187,168
87,55,55,169
87,56,193,174
87,57,211,177
87,58,227,171
87,59,160,173
87,60,149,177
87,61,69,180
87,62,100,185
87,63,311,188
87,64,37,189
87,65,112,188
87,66,101,188
87,67,201,191
87,68,210,189
87,69,102,190
87,70,253,195
87,71,183,195
87,72,121,197
87,73,26,196
87,74,165,199
87,75,154,202
87,76,200,215
87,77,256,216
87,78,271,214
87,79,273,221
87,80,138,219
87,81,255,228
87,82,221,227
87,83,83,226
87,84,123,228
87,85,278,227
87,86,283,229
87,87,121,230
87,88,174,233
87,89,82,241
87,90,32,240
87,91,120,241
87,92,31,242
87,93,30,244
87,94,134,248
87,95,228,250
87,96,132,250
87,97,53,253
87,98,215,257
87,99,104,258
87,100,249,261
87,101,269,266
87,102,94,273
87,103,59,277
87,104,87,276
87,105,255,277
87,106,258,280
87,107,216,285
87,108,136,286
87,109,67,289
87,110,131,289
87,111,222,293
87,112,221,297
87,113,156,298
87,114,118,300
87,115,116,303
87,116,106,304
87,117,102,305
87,118,121,313
88,0,5,1
88,1,101,1
88,2,60,3
88,3,92,3
88,4,244,3
88,5,26,8
88,6,110,14
88,7,166,21
88,8,219,25
88,9,282,45
88,10,123,45
88,11,220,48
88,12,148,49
88,13,167,47
88,14,165,53
88,15,98,56
88,16,215,51
88,17,67,59
88,18,26,58
88,19,241,65
88,20,152,70
88,21,110,72
88,22,149,72
88,23,196,73
88,24,287,74
88,25,205,80
88,26,136,81
88,27,190,85
88,28,205,92
88,29,72,90
88,30,248,92
88,31,84,95
88,32,140,98
88,33,150,95
88,34,265,98
88,35,310,97
88,36,151,98
88,37,97,101
88,38,277,108
88,39,72,111
88,40,166,115
88,41,96,118
88,42,238,123
88,43,227,126
88,44,71,125
88,45,237,125
88,46,72,127
88,47,252,129
88,48,53,131
88,49,83,129
88,50,129,134
88,51,235,135
88,52,140,137
88,53,184,138
88,54,105,142
88,55,140,151
88,56,38,152
88,57,264,152
88,58,127,154
88,59,267,154
88,60,97,161
88,61,180,170
88,62,149,174
88,63,210,178
88,64,70,173
88,65,48,182
88,66,309,186
88,67,44,185
88,68,95,185
88,69,256,193
88,70,105,190
88,71,88,194
88,72,166,197
88,73,201,197
88,74,185,203
88,75,120,203
88,76,159,209
88,77,77,209
88,78,144,218
88,79,183,216
88,80,203,220
88,81,261,221
88,82,274,218
88,83,125,222
88,84,81,225
88,85,65,226
88,86,257,227
88,87,255,231
88,88,67,231
88,89,280,235
88,90,228,236
88,91,225,237
88,92,174,241
88,93,83,243
88,94,25,242
88,95,99,246
88,96,81,246
88,97,138,249
88,98,133,250
88,99,227,252
88,100,230,254
88,101,264,268
88,102,82,270
88,103,62,275
88,104,27,278
88,105,171,278
88,106,258,280
88,107,129,287
88,108,15,286
88,109,279,289
88,110,132,290
88,111,159,298
88,112,165,298
88,113,162,300
88,114,222,301
88,115,11,301
88,116,104,301
88,117,104,306
88,118,39,312
88,119,162,317
89,0,23,2
89,1,44,1
89,2,130,1
89,3,148,1
89,4,242,1
89,5,52,3
89,6,108,3
89,7,112,11
89,8,71,9
89,9,165,18
89,10,220,27
89,11,280,44
89,12,149,46
89,13,125,49
89,14,216,49
89,15,231,48
89,16,165,51
89,17,160,53
89,18,183,53
89,19,168,54
89,20,98,57
89,21,26,60
89,22,100,62
89,23,244,65
89,24,149,66
89,25,65,66
89,26,68,66
89,27,55,75
89,28,109,76
89,29,213,77
89,30,128,78
89,31,255,84
89,32,187,86
89,33,210,92
89,34,145,92
89,35,266,97
89,36,93,99
89,37,66,108
89,38,169,109
89,39,239,109
89,40,99,116
89,41,109,118
89,42,157,121
89,43,232,128
89,44,138,130
89,45,54,128
89,46,124,129
89,47,257,134
89,48,85,133
89,49,73,136
89,50,89,136
89,51,102,139
89,52,140,154
89,53,240,154
89,54,83,156
89,55,157,170
89,56,74,171
89,57,180,173
89,58,210,181
89,59,308,179
89,60,242,183
89,61,110,185
89,62,252,185
89,63,37,185
89,64,49,186
89,65,36,187
89,66,35,189
89,67,58,189
89,68,196,197
89,69,117,201
89,70,170,199
89,71,29,198
89,72,203,205
89,73,158,211
89,74,277,215
89,75,258,220
89,76,206,217
89,77,58,217
89,78,149,217
89,79,138,220
89,80,80,226
89,81,65,229
89,82,70,229
89,83,224,234
89,84,279,235
89,85,123,234
89,86,20,238
89,87,23,237
89,88,252,240
89,89,175,238
89,90,177,241
89,91,19,240
89,92,95,245
89,93,91,248
89,94,228,254
89,95,279,250
89,96,296,250
89,97,303,250
89,98,135,254
89,99,73,265
89,100,227,267
89,101,269,270
89,102,307,269
89,103,62,273
89,104,31,273
89,105,126,281
89,106,259,283
89,107,203,287
89,108,265,297
89,109,109,300
89,110,158,300
89,111,109,306
89,112,59,309
89,113,123,309
89,114,27,312
90,0,95,1
90,1,121,1
90,2,17,3
90,3,101,3
90,4,17,9
90,5,156,13
90,6,115,18
90,7,167,19
90,8,210,29
90,9,25,34
90,10,286,43
90,11,222,45
90,12,143,46
90,13,132,49
90,14,146,48
90,15,168,54
90,16,92,61
90,17,23,63
90,18,245,65
90,19,24,64
90,20,128,66
90,21,65,66
90,22,141,69
90,23,54,71
90,24,103,73
90,25,213,73
90,26,264,85
90,27,140,92
90,28,209,90
90,29,188,89
90,30,270,98
90,31,92,99
90,32,169,106
90,33,65,106
90,34,156,118
90,35,237,125
90,36,107,121
90,37,137,123
90,38,113,122
90,39,56,125
90,40,258,128
90,41,258,135
90,42,134,134
90,43,86,137
90,44,101,142
90,45,76,146
90,46,143,150
90,47,153,168
90,48,214,172
90,49,244,173
90,50,116,173
90,51,315,175
90,52,203,184
90,53,185,182
90,54,34,183
90,55,109,189
90,56,218,189
90,57,252,193
90,58,175,192
90,59,53,195
90,60,124,194
90,61,173,197
90,62,20,197
90,63,114,198
90,64,171,200
90,65,199,203
90,66,165,207
90,67,280,209
90,68,29,213
90,69,121,215
90,70,201,216
90,71,256,223
90,72,81,221
90,73,122,218
90,74,267,219
90,75,269,221
90,76,145,225
90,77,66,229
90,78,65,230
90,79,69,230
90,80,276,234
90,81,229,237
90,82,175,239
90,83,316,238
90,84,318,240
90,85,253,244
90,86,16,242
90,87,316,243
90,88,81,248
90,89,88,249
90,90,145,251
90,91,231,253
90,92,21,264
90,93,75,270
90,94,265,272
90,95,64,273
90,96,184,273
90,97,127,276
90,98,28,282
90,99,256,285
90,100,180,290
90,101,152,294
90,102,243,294
90,103,105,298
90,104,224,299
90,105,190,302
90,106,106,308
90,107,163,311
90,108,116,313
91,0,62,1
91,1,105,2
91,2,246,3
91,3,16,7
91,4,60,3
91,5,64,3
91,6,91,3
91,7,229,12
91,8,115,16
91,9,152,17
91,10,118,18
91,11,169,21
91,12,207,22
91,13,29,21
91,14,249,30
91,15,225,38
91,16,140,48
91,17,285,47
91,18,244,53
91,19,178,60
91,20,89,62
91,21,260,62
91,22,28,65
91,23,130,69
91,24,222,69
91,25,249,69
91,26,52,69
91,27,62,70
91,28,100,73
91,29,148,73
91,30,264,81
91,31,202,86
91,32,139,92
91,33,268,98
91,34,89,100
91,35,165,109
91,36,64,109
91,37,142,114
91,38,279,117
91,39,226,121
91,40,240,126
91,41,55,122
91,42,116,124
91,43,156,125
91,44,54,124
91,45,255,127
91,46,220,125
91,47,52,126
91,48,118,128
91,49,136,135
91,50,86,138
91,51,220,138
91,52,222,138
91,53,101,142
91,54,68,146
91,55,65,148
91,56,147,150
91,57,27,153
91,58,96,158
91,59,140,153
91,60,209,161
91,61,152,166
91,62,93,162
91,63,51,163
91,64,315,167
91,65,275,164
91,66,211,165
91,67,235,165
91,68,252,171
91,69,64,175
91,70,29,181
91,71,204,179
91,72,187,184
91,73,201,182
91,74,215,185
91,75,106,186
91,76,199,185
91,77,252,188
91,78,198,193
91,79,19,195
91,80,113,196
91,81,161,197
91,82,177,196
91,83,180,197
91,84,182,200
91,85,92,201
91,86,57,202
91,87,201,202
91,88,55,203
91,89,52,204
91,90,116,208
91,91,289,208
91,92,157,209
91,93,160,210
91,94,196,213
91,95,265,222
91,96,80,218
91,97,78,220
91,98,147,227
91,99,70,228
91,100,221,237
91,101,174,238
91,102,13,239
91,103,152,241
91,104,20,244
91,105,319,244
91,106,73,245
91,107,243,246
91,108,82,252
91,109,245,252
91,110,143,253
91,111,231,253
91,112,233,254
91,113,144,258
91,114,17,270
91,115,262,273
91,116,128,274
91,117,213,277
91,118,82,278
91,119,252,286
91,120,228,292
91,121,148,294
91,122,105,299
91,123,31,298
91,124,31,302
91,125,93,313
91,126,220,313
92,0,52,1
92,1,71,1
92,2,68,3
92,3,102,3
92,4,208,3
92,5,301,6
92,6,299,9
92,7,18,15
92,8,118,18
92,9,208,20
92,10,20,18
92,11,173,20
92,12,224,37
92,13,150,40
92,14,288,44
92,15,140,54
92,16,250,61
92,17,177,64
92,18,227,62
92,19,89,64
92,20,224,65
92,21,61,67
92,22,124,66
92,23,24,72
92,24,49,73
92,25,152,72
92,26,149,74
92,27,44,76
92,28,200,78
92,29,96,80
92,30,267,90
92,31,127,89
92,32,144,92
92,33,209,90
92,34,129,90
92,35,86,101
92,36,86,106
92,37,143,111
92,38,164,118
92,39,238,122
92,40,109,123
92,41,152,123
92,42,221,126
92,43,150,125
92,44,148,126
92,45,241,128
92,46,47,129
92,47,50,129
92,48,242,130
92,49,253,134
92,50,86,133
92,51,81,134
92,52,80,136
92,53,65,138
92,54,141,145
92,55,195,146
92,56,93,155
92,57,24,154
92,58,155,164
92,59,208,164
92,60,316,171
92,61,252,175
92,62,211,183
92,63,65,181
92,64,191,186
92,65,30,185
92,66,106,186
92,67,252,189
92,68,21,190
92,69,111,190
92,70,116,191
92,71,161,192
92,72,64,196
92,73,200,196
92,74,58,202
92,75,176,203
92,76,223,201
92,77,289,201
92,78,292,201
92,79,114,207
92,80,145,213
92,81,163,213
92,82,166,214
92,83,140,214
92,84,266,222
92,85,230,216
92,86,73,218
92,87,206,221
92,88,155,224
92,89,68,227
92,90,43,226
92,91,96,229
92,92,71,230
92,93,180,236
92,94,20,238
92,95,22,238
92,96,272,242
92,97,72,246
92,98,218,246
92,99,224,246
92,100,144,250
92,101,228,250
92,102,83,253
92,103,311,253
92,104,249,259
92,105,23,266
92,106,115,268
92,107,266,269
92,108,197,269
92,109,129,270
92,110,165,271
92,111,216,274
92,112,60,274
92,113,81,275
92,114,253,288
92,115,104,288
92,116,146,289
92,117,291,289
92,118,43,296
92,119,36,297
92,120,211,301
92,121,205,305
92,122,113,309
92,123,173,313
93,0,35,1
93,1,95,1
93,2,126,1
93,3,189,1
93,4,212,1
93,5,120,3
93,6,148,3
93,7,176,3
93,8,210,3
93,9,24,11
93,10,23,14
93,11,21,16
93,12,115,17
93,13,182,20
93,14,217,19
93,15,117,18
93,16,144,35
93,17,218,39
93,18,286,46
93,19,227,58
93,20,142,59
93,21,144,57
93,22,246,65
93,23,81,65
93,24,178,65
93,25,121,66
93,26,54,68
93,27,33,70
93,28,34,72
93,29,153,75
93,30,199,76
93,31,98,78
93,32,207,81
93,33,209,83
93,34,272,92
93,35,137,97
93,36,103,97
93,37,80,101
93,38,96,102
93,39,144,113
93,40,68,113
93,41,72,116
93,42,168,118
93,43,105,124
93,44,224,125
93,45,48,125
93,46,238,127
93,47,149,129
93,48,48,130
93,49,251,135
93,50,140,136
93,51,167,134
93,52,78,135
93,53,218,141
93,54,67,145
93,55,69,148
93,56,137,150
93,57,100,149
93,58,127,153
93,59,93,159
93,60,157,164
93,61,206,163
93,62,106,168
93,63,315,174
93,64,249,176
93,65,62,177
93,66,199,181
93,67,287,178
93,68,33,182
93,69,214,185
93,70,32,184
93,71,31,186
93,72,106,191
93,73,156,190
93,74,248,194
93,75,194,202
93,76,174,202
93,77,66,202
93,78,68,201
93,79,291,204
93,80,67,207
93,81,113,209
93,82,61,214
93,83,69,214
93,84,263,218
93,85,167,218
93,86,136,220
93,87,141,220
93,88,272,222
93,89,209,226
93,90,74,229
93,91,280,230
93,92,176,236
93,93,70,234
93,94,20,238
93,95,22,240
93,96,224,247
93,97,148,248
93,98,68,249
93,99,279,254
93,100,248,259
93,101,31,262
93,102,125,266
93,103,128,266
93,104,265,269
93,105,89,270
93,106,61,275
93,107,143,280
93,108,59,281
93,109,218,282
93,110,248,288
93,111,102,290
93,112,256,292
93,113,141,294
93,114,234,297
93,115,31,297
93,116,83,298
93,117,32,299
93,118,33,301
93,119,272,309
93,120,72,310
93,121,114,310
93,122,128,313
93,123,244,316
94,0,42,1
94,1,76,1
94,2,94,1
94,3,117,1
94,4,46,3
94,5,116,3
94,6,163,3
94,7,25,8
94,8,23,10
94,9,177,19
94,10,125,21
94,11,211,23
94,12,148,26
94,13,209,26
94,14,220,35
94,15,289,50
94,16,224,55
94,17,111,61
94,18,149,62
94,19,180,64
94,20,81,64
94,21,250,67
94,22,51,67
94,23,29,74
94,24,151,74
94,25,183,77
94,26,188,81
94,27,100,82
94,28,209,87
94,29,9,87
94,30,270,93
94,31,55,88
94,32,138,94
94,33,128,102
94,34,122,103
94,35,149,112
94,36,77,111
94,37,70,116
94,38,68,118
94,39,70,120
94,40,171,123
94,41,109,127
94,42,49,126
94,43,212,129
94,44,237,129
94,45,143,134
94,46,74,135
94,47,251,139
94,48,136,149
94,49,71,149
94,50,32,150
94,51,64,150
94,52,91,156
94,53,267,153
94,54,35,154
94,55,202,164
94,56,164,166
94,57,153,166
94,58,307,165
94,59,23,166
94,60,200,176
94,61,29,180
94,62,314,179
94,63,246,178
94,64,203,179
94,65,205,182
94,66,60,185
94,67,58,187
94,68,109,189
94,69,155,192
94,70,213,191
94,71,196,195
94,72,250,196
94,73,124,197
94,74,204,196
94,75,145,197
94,76,73,198
94,77,194,203
94,78,295,204
94,79,170,210
94,80,119,206
94,81,62,212
94,82,65,210
94,83,275,224
94,84,79,225
94,85,135,222
94,86,262,225
94,87,137,224
94,88,208,228
94,89,138,226
94,90,158,230
94,91,176,234
94,92,20,242
94,93,145,247
94,94,227,251
94,95,69,250
94,96,72,250
94,97,143,250
94,98,91,254
94,99,215,254
94,100,81,260
94,101,128,261
94,102,33,264
94,103,252,262
94,104,259,264
94,105,58,281
94,106,220,280
94,107,248,281
94,108,161,291
94,109,150,293
94,110,256,294
94,111,43,297
94,112,29,298
94,113,129,298
94,114,252,298
94,115,239,301
94,116,241,304
94,117,152,304
94,118,110,307
94,119,249,310
94,120,247,311
94,121,124,314
95,0,1,1
95,1,3,3
95,2,29,3
95,3,96,3
95,4,63,13
95,5,121,19
95,6,30,21
95,7,210,23
95,8,310,21
95,9,150,26
95,10,172,24
95,11,144,29
95,12,224,39
95,13,199,38
95,14,281,45
95,15,182,51
95,16,225,57
95,17,109,61
95,18,145,64
95,19,253,65
95,20,84,66
95,21,88,66
95,22,23,69
95,23,54,73
95,24,99,71
95,25,152,69
95,26,154,71
95,27,22,72
95,28,21,74
95,29,275,80
95,30,192,85
95,31,212,87
95,32,141,89
95,33,309,89
95,34,273,100
95,35,132,101
95,36,59,108
95,37,77,111
95,38,130,108
95,39,141,114
95,40,171,117
95,41,3,115
95,42,49,122
95,43,134,126
95,44,110,125
95,45,219,127
95,46,48,126
95,47,67,126
95,48,69,126
95,49,84,129
95,50,233,135
95,51,253,138
95,52,26,140
95,53,137,147
95,54,72,145
95,55,95,155
95,56,257,151
95,57,29,153
95,58,117,157
95,59,195,162
95,60,188,161
95,61,309,162
95,62,162,167
95,63,151,172
95,64,25,177
95,65,200,177
95,66,154,176
95,67,314,179
95,68,155,178
95,69,246,181
95,70,59,185
95,71,110,186
95,72,156,188
95,73,209,192
95,74,123,194
95,75,262,197
95,76,110,196
95,77,77,199
95,78,196,201
95,79,169,205
95,80,295,207
95,81,68,206
95,82,57,209
95,83,28,210
95,84,58,213
95,85,273,218
95,86,268,226
95,87,163,222
95,88,132,224
95,89,84,225
95,90,129,226
95,91,206,231
95,92,84,230
95,93,284,236
95,94,180,239
95,95,199,241
95,96,68,246
95,97,142,246
95,98,218,248
95,99,251,251
95,100,144,250
95,101,159,254
95,102,79,257
95,103,230,259
95,104,179,264
95,105,30,267
95,106,137,266
95,107,140,266
95,108,288,266
95,109,68,269
95,110,257,271
95,111,57,273
95,112,92,273
95,113,217,275
95,114,167,277
95,115,235,277
95,116,57,278
95,117,149,289
95,118,3,291
95,119,256,297
95,120,243,304
95,121,32,302
95,122,110,303
95,123,108,305
95,124,153,305
95,125,33,312
95,126,124,312
96,0,1,1
96,1,25,3
96,2,56,1
96,3,108,1
96,4,140,1
96,5,3,3
96,6,76,3
96,7,244,3
96,8,121,16
96,9,153,25
96,10,174,25
96,11,200,26
96,12,231,46
96,13,281,46
96,14,277,49
96,15,177,53
96,16,256,57
96,17,110,59
96,18,111,62
96,19,55,68
96,20,101,65
96,21,142,67
96,22,90,65
96,23,158,67
96,24,89,67
96,25,27,72
96,26,284,77
96,27,145,85
96,28,189,85
96,29,213,85
96,30,111,92
96,31,130,103
96,32,64,103
96,33,280,105
96,34,171,113
96,35,137,115
96,36,80,116
96,37,65,120
96,38,110,120
96,39,54,121
96,40,56,124
96,41,132,124
96,42,88,127
96,43,236,126
96,44,134,126
96,45,223,133
96,46,203,133
96,47,252,140
96,48,34,138
96,49,33,142
96,50,89,152
96,51,141,152
96,52,131,153
96,53,134,156
96,54,137,155
96,55,159,165
96,56,191,167
96,57,21,170
96,58,153,179
96,59,202,180
96,60,219,178
96,61,248,183
96,62,313,185
96,63,112,184
96,64,208,184
96,65,65,186
96,66,121,189
96,67,39,189
96,68,107,189
96,69,61,190
96,70,148,191
96,71,152,190
96,72,106,191
96,73,104,193
96,74,172,197
96,75,266,200
96,76,75,198
96,77,297,201
96,78,210,202
96,79,196,206
96,80,62,209
96,81,117,209
96,82,269,219
96,83,154,214
96,84,160,216
96,85,131,225
96,86,80,230
96,87,207,232
96,88,264,233
96,89,284,233
96,90,210,234
96,91,182,239
96,92,249,245
96,93,63,245
96,94,272,245
96,95,209,247
96,96,146,250
96,97,91,250
96,98,86,253
96,99,235,255
96,100,85,256
96,101,139,269
96,102,260,270
96,103,27,269
96,104,222,272
96,105,30,272
96,106,221,275
96,107,86,276
96,108,187,277
96,109,135,282
96,110,150,286
96,111,202,289
96,112,256,291
96,113,80,294
96,114,205,294
96,115,30,297
96,116,28,300
96,117,242,303
96,118,273,312
96,119,120,313
96,120,124,316
97,0,65,1
97,1,97,1
97,2,190,1
97,3,25,3
97,4,36,3
97,5,116,3
97,6,128,3
97,7,148,3
97,8,212,3
97,9,234,3
97,10,28,6
97,11,123,18
97,12,126,18
97,13,172,25
97,14,206,26
97,15,75,25
97,16,52,26
97,17,157,29
97,18,59,28
97,19,168,29
97,20,251,33
97,21,230,37
97,22,284,50
97,23,178,51
97,24,98,54
97,25,235,54
97,26,253,62
97,27,84,60
97,28,54,64
97,29,115,61
97,30,117,62
97,31,81,62
97,32,138,66
97,33,290,70
97,34,159,73
97,35,25,74
97,36,208,84
97,37,264,86
97,38,190,93
97,39,143,94
97,40,133,99
97,41,286,105
97,42,63,115
97,43,174,117
97,44,55,120
97,45,81,118
97,46,177,120
97,47,133,123
97,48,113,122
97,49,225,128
97,50,248,137
97,51,89,130
97,52,75,138
97,53,78,140
97,54,127,152
97,55,141,157
97,56,145,156
97,57,89,160
97,58,126,160
97,59,194,165
97,60,28,166
97,61,168,167
97,62,165,169
97,63,149,172
97,64,202,178
97,65,207,176
97,66,248,180
97,67,64,184
97,68,26,182
97,69,312,185
97,70,116,187
97,71,210,193
97,72,217,186
97,73,152,189
97,74,103,194
97,75,105,196
97,76,108,195
97,77,177,200
97,78,76,198
97,79,193,200
97,80,266,205
97,81,292,207
97,82,64,210
97,83,112,216
97,84,269,217
97,85,158,218
97,86,127,224
97,87,130,226
97,88,268,232
97,89,85,233
97,90,210,233
97,91,290,234
97,92,245,240
97,93,93,239
97,94,181,242
97,95,204,243
97,96,16,242
97,97,291,245
97,98,144,253
97,99,65,254
97,100,239,253
97,101,86,255
97,102,65,258
97,103,89,258
97,104,235,258
97,105,142,267
97,106,264,268
97,107,27,268
97,108,92,269
97,109,28,272
97,110,221,277
97,111,149,281
97,112,43,282
97,113,105,291
97,114,69,294
97,115,241,294
97,116,257,294
97,117,255,296
97,118,139,302
97,119,108,309
97,120,118,309
97,121,117,311
97,122,104,312
97,123,115,312
98,0,14,2
98,1,59,2
98,2,107,2
98,3,148,1
98,4,198,1
98,5,92,3
98,6,176,3
98,7,25,4
98,8,120,13
98,9,202,23
98,10,174,25
98,11,178,24
98,12,158,34
98,13,225,41
98,14,280,45
98,15,22,45
98,16,182,46
98,17,184,49
98,18,236,49
98,19,92,48
98,20,97,53
98,21,117,55
98,22,115,57
98,23,62,62
98,24,248,63
98,25,144,65
98,26,85,67
98,27,26,69
98,28,46,70
98,29,156,71
98,30,289,73
98,31,193,91
98,32,206,93
98,33,134,97
98,34,31,102
98,35,285,107
98,36,15,109
98,37,72,114
98,38,99,113
98,39,183,117
98,40,128,118
98,41,105,121
98,42,241,133
98,43,255,136
98,44,222,134
98,45,80,135
98,46,64,134
98,47,69,134
98,48,136,146
98,49,93,153
98,50,96,156
98,51,143,157
98,52,211,158
98,53,185,162
98,54,82,164
98,55,129,165
98,56,152,165
98,57,47,165
98,58,267,165
98,59,170,171
98,60,210,173
98,61,206,175
98,62,201,178
98,63,81,178
98,64,60,182
98,65,248,185
98,66,208,191
98,67,153,189
98,68,273,186
98,69,316,190
98,70,120,194
98,71,72,194
98,72,236,193
98,73,187,196
98,74,237,194
98,75,269,197
98,76,74,198
98,77,106,199
98,78,104,202
98,79,276,202
98,80,267,213
98,81,288,212
98,82,154,214
98,83,65,214
98,84,72,214
98,85,115,225
98,86,207,234
98,87,89,230
98,88,120,230
98,89,256,237
98,90,296,236
98,91,225,240
98,92,167,243
98,93,177,247
98,94,237,249
98,95,141,251
98,96,17,250
98,97,64,253
98,98,63,256
98,99,94,261
98,100,268,269
98,101,148,273
98,102,218,274
98,103,89,274
98,104,284,278
98,105,244,293
98,106,12,298
98,107,255,302
98,108,145,303
98,109,19,305
98,110,109,310
98,111,101,312
98,112,248,310
98,113,106,312
99,0,26,5
99,1,36,3
99,2,158,3
99,3,115,16
99,4,204,25
99,5,239,22
99,6,176,26
99,7,160,34
99,8,161,37
99,9,224,39
99,10,123,37
99,11,240,47
99,12,280,48
99,13,177,49
99,14,98,51
99,15,117,50
99,16,119,53
99,17,143,60
99,18,245,63
99,19,89,65
99,20,66,67
99,21,291,69
99,22,28,69
99,23,158,71
99,24,48,75
99,25,195,90
99,26,141,91
99,27,124,98
99,28,280,106
99,29,84,109
99,30,59,118
99,31,108,117
99,32,129,118
99,33,184,118
99,34,147,118
99,35,285,121
99,36,61,122
99,37,225,131
99,38,238,133
99,39,245,131
99,40,135,132
99,41,66,133
99,42,81,134
99,43,29,134
99,44,304,141
99,45,260,147
99,46,239,149
99,47,94,155
99,48,152,156
99,49,18,162
99,50,36,162
99,51,184,165
99,52,101,163
99,53,126,165
99,54,172,168
99,55,85,170
99,56,152,170
99,57,307,169
99,58,215,173
99,59,65,182
99,60,206,190
99,61,125,190
99,62,157,190
99,63,237,191
99,64,314,190
99,65,184,192
99,66,272,197
99,67,76,196
99,68,13,198
99,69,74,198
99,70,112,202
99,71,76,200
99,72,263,211
99,73,280,220
99,74,64,221
99,75,110,222
99,76,207,229
99,77,109,225
99,78,149,229
99,79,265,233
99,80,296,233
99,81,87,233
99,82,95,233
99,83,253,237
99,84,83,237
99,85,316,241
99,86,239,247
99,87,172,248
99,88,225,246
99,89,64,250
99,90,62,253
99,91,103,252
99,92,144,255
99,93,160,261
99,94,90,262
99,95,89,264
99,96,262,266
99,97,149,272
99,98,152,273
99,99,92,274
99,100,217,274
99,101,221,274
99,102,285,274
99,103,106,281
99,104,4,284
99,105,1,287
99,106,241,294
99,107,244,294
99,108,99,297
99,109,311,298
99,110,109,304
99,111,258,302
99,112,105,311
99,113,200,312
100,0,1,1
100,1,27,1
100,2,109,1
100,3,206,1
100,4,3,3
100,5,32,3
100,6,144,3
100,7,163,3
100,8,24,12
100,9,115,19
100,10,202,22
100,11,117,22
100,12,118,24
100,13,178,26
100,14,229,40
100,15,161,41
100,16,175,43
100,17,285,50
100,18,239,56
100,19,92,60
100,20,117,58
100,21,64,63
100,22,148,66
100,23,43,66
100,24,39,69
100,25,31,70
100,26,290,77
100,27,134,93
100,28,139,89
100,29,200,94
100,30,189,98
100,31,120,100
100,32,281,101
100,33,81,107
100,34,84,108
100,35,77,113
100,36,106,116
100,37,132,116
100,38,180,119
100,39,60,118
100,40,69,132
100,41,214,129
100,42,238,129
100,43,21,132
100,44,251,139
100,45,77,134
100,46,54,136
100,47,79,136
100,48,152,154
100,49,186,160
100,50,168,165
100,51,98,163
100,52,21,165
100,53,95,166
100,54,152,166
100,55,126,170
100,56,150,168
100,57,69,170
100,58,84,169
100,59,148,169
100,60,71,172
100,61,33,176
100,62,213,174
100,63,72,174
100,64,147,177
100,65,125,182
100,66,3,185
100,67,122,189
100,68,314,192
100,69,181,196
100,70,211,194
100,71,233,193
100,72,112,194
100,73,149,194
100,74,152,194
100,75,271,200
100,76,95,202
100,77,113,206
100,78,259,205
100,79,277,211
100,80,65,210
100,81,272,219
100,82,316,220
100,83,75,221
100,84,122,222
100,85,108,228
100,86,200,230
100,87,262,230
100,88,249,231
100,89,144,230
100,90,212,233
100,91,296,232
100,92,240,235
100,93,276,233
100,94,293,233
100,95,81,234
100,96,84,234
100,97,216,234
100,98,245,234
100,99,316,243
100,100,171,248
100,101,150,249
100,102,108,250
100,103,64,254
100,104,265,260
100,105,61,266
100,106,22,268
100,107,83,268
100,108,60,269
100,109,92,272
100,110,152,274
100,111,151,276
100,112,220,278
100,113,7,289
100,114,158,291
100,115,248,292
100,116,3,293
100,117,15,297
100,118,16,298
100,119,259,303
100,120,189,307
100,121,95,309
100,122,109,310
101,0,94,1
101,1,118,1
101,2,140,1
101,3,199,2
101,4,116,3
101,5,132,3
101,6,25,21
101,7,176,23
101,8,203,21
101,9,113,23
101,10,300,33
101,11,177,43
101,12,230,43
101,13,165,44
101,14,117,50
101,15,288,53
101,16,102,55
101,17,245,57
101,18,91,58
101,19,231,59
101,20,64,58
101,21,66,58
101,22,47,64
101,23,142,62
101,24,227,60
101,25,110,64
101,26,289,68
101,27,149,73
101,28,29,78
101,29,290,80
101,30,67,85
101,31,309,88
101,32,141,89
101,33,121,95
101,34,293,101
101,35,193,103
101,36,85,113
101,37,102,115
101,38,137,119
101,39,178,121
101,40,76,121
101,41,214,121
101,42,75,128
101,43,247,130
101,44,60,131
101,45,24,130
101,46,216,133
101,47,51,137
101,48,164,137
101,49,183,149
101,50,148,159
101,51,195,163
101,52,95,166
101,53,213,167
101,54,72,165
101,55,172,166
101,56,70,168
101,57,17,170
101,58,31,174
101,59,87,176
101,60,263,182
101,61,233,187
101,62,93,186
101,63,128,186
101,64,316,189
101,65,129,189
101,66,211,194
101,67,116,190
101,68,155,192
101,69,239,190
101,70,81,195
101,71,182,198
101,72,268,204
101,73,115,201
101,74,311,200
101,75,136,201
101,76,110,216
101,77,124,219
101,78,70,222
101,79,208,225
101,80,264,224
101,81,77,225
101,82,80,227
101,83,289,228
101,84,196,231
101,85,241,231
101,86,148,231
101,87,84,232
101,88,144,233
101,89,141,235
101,90,43,237
101,91,317,242
101,92,32,253
101,93,149,250
101,94,169,250
101,95,75,256
101,96,89,262
101,97,107,261
101,98,55,266
101,99,20,265
101,100,94,268
101,101,267,269
101,102,9,269
101,103,44,270
101,104,148,272
101,105,216,276
101,106,150,276
101,107,109,277
101,108,243,283
101,109,104,282
101,110,154,294
101,111,3,293
101,112,258,300
101,113,164,299
101,114,3,307
101,115,112,313
101,116,96,316
102,0,33,1
102,1,60,1
102,2,79,1
102,3,101,1
102,4,186,1
102,5,76,3
102,6,94,3
102,7,108,3
102,8,184,3
102,9,188,3
102,10,177,17
102,11,105,21
102,12,201,25
102,13,25,25
102,14,176,41
102,15,236,45
102,16,96,51
102,17,246,53
102,18,288,53
102,19,140,57
102,20,64,57
102,21,226,61
102,22,45,63
102,23,88,64
102,24,268,61
102,25,113,65
102,26,295,67
102,27,140,74
102,28,22,78
102,29,132,88
102,30,140,99
102,31,196,103
102,32,291,101
102,33,116,102
102,34,81,110
102,35,106,109
102,36,74,121
102,37,137,123
102,38,177,123
102,39,61,125
102,40,245,134
102,41,210,133
102,42,76,134
102,43,300,134
102,44,21,137
102,45,60,137
102,46,145,154
102,47,162,160
102,48,204,166
102,49,68,165
102,50,181,165
102,51,96,166
102,52,133,169
102,53,25,171
102,54,16,170
102,55,159,176
102,56,147,176
102,57,97,178
102,58,236,183
102,59,308,184
102,60,115,189
102,61,210,195
102,62,265,191
102,63,180,193
102,64,77,192
102,65,128,197
102,66,274,205
102,67,117,210
102,68,256,206
102,69,188,210
102,70,63,213
102,71,66,214
102,72,294,221
102,73,80,222
102,74,204,220
102,75,206,223
102,76,269,224
102,77,244,228
102,78,196,226
102,79,71,230
102,80,141,234
102,81,203,253
102,82,36,253
102,83,86,255
102,84,153,255
102,85,62,255
102,86,165,259
102,87,29,258
102,88,267,264
102,89,98,271
102,90,20,270
102,91,53,271
102,92,56,270
102,93,156,273
102,94,217,273
102,95,101,276
102,96,102,281
102,97,298,278
102,98,246,283
102,99,147,288
102,100,303,289
102,101,153,295
102,102,264,297
102,103,17,299
102,104,123,309
102,105,109,313
102,106,223,314
103,0,72,1
103,1,161,2
103,2,76,3
103,3,180,6
103,4,11,9
103,5,128,9
103,6,221,9
103,7,112,22
103,8,284,26
103,9,304,26
103,10,253,32
103,11,202,34
103,12,231,40
103,13,221,40
103,14,31,41
103,15,246,41
103,16,179,42
103,17,295,42
103,18,227,44
103,19,316,48
103,20,318,50
103,21,37,50
103,22,215,51
103,23,316,52
103,24,260,53
103,25,69,55
103,26,110,56
103,27,238,60
103,28,13,61
103,29,172,62
103,30,151,65
103,31,300,66
103,32,302,66
103,33,87,70
103,34,168,70
103,35,75,74
103,36,83,74
103,37,187,74
103,38,9,81
103,39,121,86
103,40,142,88
103,41,83,89
103,42,80,90
103,43,127,101
103,44,49,102
103,45,55,102
103,46,274,102
103,47,268,106
103,48,285,108
103,49,164,110
103,50,253,110
103,51,192,112
103,52,231,113
103,53,60,114
103,54,247,114
103,55,232,118
103,56,216,122
103,57,256,123
103,58,15,124
103,59,92,124
103,60,99,124
103,61,311,129
103,62,187,130
103,63,272,131
103,64,119,133
103,65,240,135
103,66,234,134
103,67,303,137
103,68,177,141
103,69,122,142
103,70,155,145
103,71,223,150
103,72,109,154
103,73,117,154
103,74,47,162
103,75,163,162
103,76,98,164
103,77,129,166
103,78,122,168
103,79,41,170
103,80,248,170
103,81,121,172
103,82,81,173
103,83,115,173
103,84,118,173
103,85,155,174
103,86,191,174
103,87,33,178
103,88,246,181
103,89,15,183
103,90,115,185
103,91,159,186
103,92,218,186
103,93,117,188
103,94,311,190
103,95,288,191
103,96,98,192
103,97,111,194
103,98,299,194
103,99,51,196
103,100,238,196
103,101,203,198
103,102,239,198
103,103,301,202
103,104,223,204
103,105,159,210
103,106,81,212
103,107,179,212
103,108,204,213
103,109,68,214
103,110,89,214
103,111,92,214
103,112,33,217
103,113,60,218
103,114,225,224
103,115,71,225
103,116,205,229
103,117,37,230
103,118,108,231
103,119,188,234
103,120,83,235
103,121,298,240
103,122,152,243
103,123,12,246
103,124,183,249
103,125,92,250
103,126,163,250
103,127,81,251
103,128,284,252
103,129,243,253
103,130,27,258
103,131,211,258
103,132,97,266
103,133,138,266
103,134,119,268
103,135,241,268
103,136,247,269
103,137,310,270
103,138,199,274
103,139,275,277
103,140,216,278
103,141,259,281
103,142,88,284
103,143,80,285
103,144,19,288
103,145,17,289
103,146,39,292
103,147,10,294
103,148,111,295
103,149,148,304
103,150,87,305
103,151,44,306
103,152,214,306
103,153,96,312
103,154,158,314
103,155,15,318
104,0,76,4
104,1,135,4
104,2,256,4
104,3,300,6
104,4,58,9
104,5,163,8
104,6,217,8
104,7,73,12
104,8,199,10
104,9,35,10
104,10,97,10
104,11,228,10
104,12,277,10
104,13,309,10
104,14,180,12
104,15,276,12
104,16,203,13
104,17,272,13
104,18,222,18
104,19,315,17
104,20,176,18
104,21,226,18
104,22,167,22
104,23,296,22
104,24,221,23
104,25,79,24
104,26,113,24
104,27,152,24
104,28,295,24
104,29,105,26
104,30,111,26
104,31,169,28
104,32,262,28
104,33,11,29
104,34,45,29
104,35,113,29
104,36,137,30
104,37,157,30
104,38,181,30
104,39,189,30
104,40,317,30
104,41,198,32
104,42,232,33
104,43,282,34
104,44,308,34
104,45,271,35
104,46,137,36
104,47,238,36
104,48,118,37
104,49,263,37
104,50,272,37
104,51,286,37
104,52,273,39
104,53,296,38
104,54,103,42
104,55,144,40
104,56,183,40
104,57,15,41
104,58,224,41
104,59,92,42
104,60,121,42
104,61,127,45
104,62,141,46
104,63,310,46
104,64,289,47
104,65,245,48
104,66,27,49
104,67,192,50
104,68,7,52
104,69,155,52
104,70,308,52
104,71,32,53
104,72,71,53
104,73,83,57
104,74,166,53
104,75,270,53
104,76,290,53
104,77,316,53
104,78,253,54
104,79,310,55
104,80,313,54
104,81,62,57
104,82,205,62
104,83,238,57
104,84,77,58
104,85,237,58
104,86,282,58
104,87,105,61
104,88,125,60
104,89,162,60
104,90,236,60
104,91,69,62
104,92,285,64
104,93,272,66
104,94,103,68
104,95,159,69
104,96,283,69
104,97,304,73
104,98,92,70
104,99,231,70
104,100,160,71
104,101,161,72
104,102,170,72
104,103,3,73
104,104,37,74
104,105,255,74
104,106,287,74
104,107,5,79
104,108,217,77
104,109,247,78
104,110,269,78
104,111,30,79
104,112,123,81
104,113,155,80
104,114,53,82
104,115,285,82
104,116,311,82
104,117,163,84
104,118,254,85
104,119,57,86
104,120,164,87
104,121,221,86
104,122,245,86
104,123,250,89
104,124,180,90
104,125,235,90
104,126,191,92
104,127,311,92
104,128,215,93
104,129,94,94
104,130,77,96
104,131,160,96
104,132,140,97
104,133,54,98
104,134,119,98
104,135,189,99
104,136,288,98
104,137,305,98
104,138,243,99
104,139,202,100
104,140,289,100
104,141,316,100
104,142,241,101
104,143,279,102
104,144,288,102
104,145,181,104
104,146,223,104
104,147,287,104
104,148,41,105
104,149,64,105
104,150,180,106
104,151,179,108
104,152,246,110
104,153,257,110
104,154,123,112
104,155,105,114
104,156,144,114
104,157,157,114
104,158,72,115
104,159,237,117
104,160,3,117
104,161,35,117
104,162,53,118
104,163,207,118
104,164,213,122
104,165,236,123
104,166,28,124
104,167,121,124
104,168,155,126
104,169,184,128
104,170,276,129
104,171,24,129
104,172,60,130
104,173,219,130
104,174,248,130
104,175,299,130
104,176,249,131
104,177,25,133
104,178,76,134
104,179,140,134
104,180,11,136
104,181,83,136
104,182,317,138
104,183,112,138
104,184,140,140
104,185,157,138
104,186,233,139
104,187,24,140
104,188,164,140
104,189,217,141
104,190,277,143
104,191,132,144
104,192,259,144
104,193,286,144
104,194,282,146
104,195,72,149
104,196,252,149
104,197,110,150
104,198,101,152
104,199,156,154
104,200,92,155
104,201,251,155
104,202,275,155
104,203,97,158
104,204,135,157
104,205,177,157
104,206,132,158
104,207,184,160
104,208,203,161
104,209,263,160
104,210,172,162
104,211,255,161
104,212,73,162
104,213,125,162
104,214,152,162
104,215,313,162
104,216,82,164
104,217,109,164
104,218,115,164
104,219,183,164
104,220,240,164
104,221,316,164
104,222,14,165
104,223,27,165
104,224,41,165
104,225,112,165
104,226,306,165
104,227,21,166
104,228,171,166
104,229,153,167
104,230,115,168
104,231,186,168
104,232,239,168
104,233,296,169
104,234,260,170
104,235,87,172
104,236,96,173
104,237,127,174
104,238,168,174
104,239,174,174
104,240,295,174
104,241,98,175
104,242,33,176
104,243,179,176
104,244,302,176
104,245,83,177
104,246,99,177
104,247,45,178
104,248,52,178
104,249,156,178
104,250,181,178
104,251,277,179
104,252,224,181
104,253,55,182
104,254,135,184
104,255,229,184
104,256,15,185
104,257,73,185
104,258,257,185
104,259,171,186
104,260,209,189
104,261,220,186
104,262,207,187
104,263,38,188
104,264,101,188
104,265,59,189
104,266,114,189
104,267,261,189
104,268,180,190
104,269,289,190
104,270,299,190
104,271,225,194
104,272,236,194
104,273,55,196
104,274,218,196
104,275,250,200
104,276,105,201
104,277,213,201
104,278,50,202
104,279,161,202
104,280,151,205
104,281,5,205
104,282,197,204
104,283,212,204
104,284,263,205
104,285,211,207
104,286,150,207
104,287,103,208
104,288,155,208
104,289,275,208
104,290,147,209
104,291,39,213
104,292,63,213
104,293,184,215
104,294,227,213
104,295,257,214
104,296,231,216
104,297,279,216
104,298,26,217
104,299,45,217
104,300,85,217
104,301,120,217
104,302,13,218
104,303,73,218
104,304,99,218
104,305,149,220
104,306,245,220
104,307,296,222
104,308,219,224
104,309,236,224
104,310,65,225
104,311,187,225
104,312,55,226
104,313,83,226
104,314,165,226
104,315,200,226
104,316,233,230
104,317,271,226
104,318,250,228
104,319,204,230
104,320,271,230
104,321,74,232
104,322,309,232
104,323,16,236
104,324,162,233
104,325,177,233
104,326,92,234
104,327,203,234
104,328,10,237
104,329,196,237
104,330,19,240
104,331,229,241
104,332,195,244
104,333,223,245
104,334,221,247
104,335,265,247
104,336,69,248
104,337,117,248
104,338,37,250
104,339,176,249
104,340,60,250
104,341,144,250
104,342,161,250
104,343,260,250
104,344,120,251
104,345,27,252
104,346,30,253
104,347,73,254
104,348,93,253
104,349,171,253
104,350,311,253
104,351,32,254
104,352,54,254
104,353,235,254
104,354,252,254
104,355,289,254
104,356,3,256
104,357,195,256
104,358,11,257
104,359,94,257
104,360,107,257
104,361,111,257
104,362,245,257
104,363,307,257
104,364,55,258
104,365,186,258
104,366,285,258
104,367,17,260
104,368,227,261
104,369,263,261
104,370,273,262
104,371,225,264
104,372,259,264
104,373,116,266
104,374,292,270
104,375,289,267
104,376,317,269
104,377,115,268
104,378,9,269
104,379,106,270
104,380,113,269
104,381,43,270
104,382,172,270
104,383,178,270
104,384,41,272
104,385,236,272
104,386,183,273
104,387,259,273
104,388,153,274
104,389,288,274
104,390,303,274
104,391,37,276
104,392,131,277
104,393,5,278
104,394,115,278
104,395,121,278
104,396,124,281
104,397,159,280
104,398,74,282
104,399,153,285
104,400,188,285
104,401,245,285
104,402,308,286
104,403,151,286
104,404,199,289
104,405,148,287
104,406,137,288
104,407,207,288
104,408,51,289
104,409,68,289
104,410,231,289
104,411,307,289
104,412,30,290
104,413,169,290
104,414,295,290
104,415,72,292
104,416,127,295
104,417,236,293
104,418,16,293
104,419,241,293
104,420,168,294
104,421,63,296
104,422,72,296
104,423,90,296
104,424,108,296
104,425,285,296
104,426,83,297
104,427,10,298
104,428,264,298
104,429,111,300
104,430,161,300
104,431,316,300
104,432,110,302
104,433,112,302
104,434,159,303
104,435,260,302
104,436,115,304
104,437,106,305
104,438,69,306
104,439,82,306
104,440,131,306
104,441,144,307
104,442,106,308
104,443,163,308
104,444,240,309
104,445,119,310
104,446,207,310
104,447,280,310
104,448,102,312
104,449,245,313
104,450,295,313
104,451,190,314
104,452,217,314
104,453,318,314
104,454,110,316
104,455,232,316
105,0,162,0
105,1,231,0
105,2,197,6
105,3,95,7
105,4,86,9
105,5,209,8
105,6,43,9
105,7,109,9
105,8,149,9
105,9,178,11
105,10,31,11
105,11,265,11
105,12,288,12
105,13,203,13
105,14,206,13
105,15,139,14
105,16,129,16
105,17,246,16
105,18,250,16
105,19,316,16
105,20,305,17
105,21,27,18
105,22,121,18
105,23,154,18
105,24,269,18
105,25,175,19
105,26,212,19
105,27,76,21
105,28,219,21
105,29,257,21
105,30,95,23
105,31,229,25
105,32,243,26
105,33,258,26
105,34,304,28
105,35,111,30
105,36,91,30
105,37,250,30
105,38,34,32
105,39,144,32
105,40,188,34
105,41,206,34
105,42,297,34
105,43,259,35
105,44,80,36
105,45,159,36
105,46,55,37
105,47,149,37
105,48,160,37
105,49,316,38
105,50,179,41
105,51,68,41
105,52,72,42
105,53,79,42
105,54,128,42
105,55,281,42
105,56,21,44
105,57,155,44
105,58,117,45
105,59,206,46
105,60,149,48
105,61,169,48
105,62,195,50
105,63,205,48
105,64,227,48
105,65,268,49
105,66,279,49
105,67,117,50
105,68,203,50
105,69,161,53
105,70,251,54
105,71,261,54
105,72,304,54
105,73,213,55
105,74,231,55
105,75,95,56
105,76,175,56
105,77,39,59
105,78,53,58
105,79,191,58
105,80,234,58
105,81,219,59
105,82,13,60
105,83,115,60
105,84,205,60
105,85,68,62
105,86,71,61
105,87,44,65
105,88,213,64
105,89,147,65
105,90,171,65
105,91,236,65
105,92,285,65
105,93,67,66
105,94,124,66
105,95,186,69
105,96,197,67
105,97,100,68
105,98,159,68
105,99,23,69
105,100,168,69
105,101,88,70
105,102,109,70
105,103,317,72
105,104,237,71
105,105,31,73
105,106,207,76
105,107,168,77
105,108,196,78
105,109,33,80
105,110,195,80
105,111,119,81
105,112,187,81
105,113,305,81
105,114,91,82
105,115,151,82
105,116,158,83
105,117,171,82
105,118,186,82
105,119,194,82
105,120,265,83
105,121,73,84
105,122,124,84
105,123,212,85
105,124,243,84
105,125,256,84
105,126,72,86
105,127,261,87
105,128,71,88
105,129,159,88
105,130,216,88
105,131,233,88
105,132,87,89
105,133,271,89
105,134,307,92
105,135,135,95
105,136,20,96
105,137,119,96
105,138,199,96
105,139,142,97
105,140,13,98
105,141,132,98
105,142,181,98
105,143,205,98
105,144,23,100
105,145,107,100
105,146,93,101
105,147,84,102
105,148,182,102
105,149,284,102
105,150,97,104
105,151,256,105
105,152,198,106
105,153,266,106
105,154,112,106
105,155,170,106
105,156,227,106
105,157,260,106
105,158,297,106
105,159,194,108
105,160,268,108
105,161,217,109
105,162,183,110
105,163,297,111
105,164,20,112
105,165,185,112
105,166,81,114
105,167,116,114
105,168,130,116
105,169,225,116
105,170,131,117
105,171,284,118
105,172,141,120
105,173,197,120
105,174,215,120
105,175,254,120
105,176,217,121
105,177,221,122
105,178,308,121
105,179,131,122
105,180,161,122
105,181,205,122
105,182,74,123
105,183,179,124
105,184,62,125
105,185,104,125
105,186,235,125
105,187,306,126
105,188,148,128
105,189,61,130
105,190,245,132
105,191,229,133
105,192,260,134
105,193,164,137
105,194,195,137
105,195,98,138
105,196,135,138
105,197,179,138
105,198,253,138
105,199,306,139
105,200,205,140
105,201,225,141
105,202,285,141
105,203,28,142
105,204,36,142
105,205,131,142
105,206,101,144
105,207,169,144
105,208,163,145
105,209,221,146
105,210,257,149
105,211,137,150
105,212,125,152
105,213,55,153
105,214,44,154
105,215,63,154
105,216,155,154
105,217,163,154
105,218,90,155
105,219,9,156
105,220,218,157
105,221,152,158
105,222,113,162
105,223,127,162
105,224,317,162
105,225,259,165
105,226,162,165
105,227,298,165
105,228,106,166
105,229,191,166
105,230,48,169
105,231,91,170
105,232,267,170
105,233,92,172
105,234,93,174
105,235,266,174
105,236,23,177
105,237,211,176
105,238,303,177
105,239,175,178
105,240,248,178
105,241,284,178
105,242,296,178
105,243,199,181
105,244,223,181
105,245,289,181
105,246,117,182
105,247,175,182
105,248,35,185
105,249,194,186
105,250,165,186
105,251,255,186
105,252,70,188
105,253,9,189
105,254,18,190
105,255,107,190
105,256,207,192
105,257,272,192
105,258,87,194
105,259,140,194
105,260,230,194
105,261,308,194
105,262,51,196
105,263,229,196
105,264,109,197
105,265,217,197
105,266,116,198
105,267,201,198
105,268,211,198
105,269,227,198
105,270,264,198
105,271,225,199
105,272,18,201
105,273,135,201
105,274,193,201
105,275,246,201
105,276,271,201
105,277,183,202
105,278,287,202
105,279,292,203
105,280,179,204
105,281,89,205
105,282,41,206
105,283,295,208
105,284,69,209
105,285,234,210
105,286,222,211
105,287,68,212
105,288,104,212
105,289,147,213
105,290,17,214
105,291,84,214
105,292,258,215
105,293,67,216
105,294,169,216
105,295,175,217
105,296,58,218
105,297,149,218
105,298,174,218
105,299,281,220
105,300,276,220
105,301,15,221
105,302,174,222
105,303,253,222
105,304,283,224
105,305,22,226
105,306,66,226
105,307,137,226
105,308,180,226
105,309,250,226
105,310,73,228
105,311,82,231
105,312,151,229
105,313,12,233
105,314,80,233
105,315,85,234
105,316,296,234
105,317,86,236
105,318,23,237
105,319,180,238
105,320,188,238
105,321,206,238
105,322,149,241
105,323,248,242
105,324,193,245
105,325,75,246
105,326,243,246
105,327,242,248
105,328,147,249
105,329,211,249
105,330,284,249
105,331,308,252
105,332,217,250
105,333,241,250
105,334,285,250
105,335,290,250
105,336,137,252
105,337,168,254
105,338,200,254
105,339,303,254
105,340,73,256
105,341,248,256
105,342,283,256
105,343,110,258
105,344,199,260
105,345,7,261
105,346,91,261
105,347,311,262
105,348,87,264
105,349,165,264
105,350,272,264
105,351,247,265
105,352,123,266
105,353,153,269
105,354,98,268
105,355,173,268
105,356,231,269
105,357,51,270
105,358,96,270
105,359,219,270
105,360,305,270
105,361,139,271
105,362,95,272
105,363,119,273
105,364,102,276
105,365,147,276
105,366,283,278
105,367,247,279
105,368,20,280
105,369,120,281
105,370,219,281
105,371,129,282
105,372,313,282
105,373,134,284
105,374,295,284
105,375,159,285
105,376,272,286
105,377,52,286
105,378,95,286
105,379,23,289
105,380,169,290
105,381,116,291
105,382,309,293
105,383,17,294
105,384,48,294
105,385,86,294
105,386,175,294
105,387,225,294
105,388,284,294
105,389,224,296
105,390,275,296
105,391,115,297
105,392,123,297
105,393,23,298
105,394,56,298
105,395,222,298
105,396,240,298
105,397,193,299
105,398,306,300
105,399,312,302
105,400,259,304
105,401,207,305
105,402,93,306
105,403,135,306
105,404,149,306
105,405,71,308
105,406,174,309
105,407,187,311
105,408,147,312
105,409,164,313
105,410,200,314
105,411,18,316
105,412,181,316
105,413,237,316
105,414,317,317
105,415,290,317
105,416,139,319
106,0,1,1
106,1,124,0
106,2,146,0
106,3,44,3
106,4,236,3
106,5,273,3
106,6,43,4
106,7,79,4
106,8,5,5
106,9,105,5
106,10,285,6
106,11,17,8
106,12,157,7
106,13,55,9
106,14,61,8
106,15,85,8
106,16,135,8
106,17,178,8
106,18,23,9
106,19,191,9
106,20,239,10
106,21,195,14
106,22,199,13
106,23,215,14
106,24,304,14
106,25,124,15
106,26,103,17
106,27,144,19
106,28,122,18
106,29,293,18
106,30,83,20
106,31,159,20
106,32,247,20
106,33,43,21
106,34,34,22
106,35,146,24
106,36,171,24
106,37,211,24
106,38,247,24
106,39,277,25
106,40,155,25
106,41,207,27
106,42,294,25
106,43,317,26
106,44,181,29
106,45,244,28
106,46,197,29
106,47,112,30
106,48,196,31
106,49,71,32
106,50,88,33
106,51,64,34
106,52,67,34
106,53,89,34
106,54,128,34
106,55,33,35
106,56,99,37
106,57,205,38
106,58,242,37
106,59,165,38
106,60,283,40
106,61,53,41
106,62,113,42
106,63,211,42
106,64,313,42
106,65,197,43
106,66,119,44
106,67,11,46
106,68,152,46
106,69,75,48
106,70,102,49
106,71,79,50
106,72,91,50
106,73,125,50
106,74,221,50
106,75,237,50
106,76,249,50
106,77,256,51
106,78,20,52
106,79,236,52
106,80,197,53
106,81,23,55
106,82,28,54
106,83,207,54
106,84,125,55
106,85,63,56
106,86,257,56
106,87,123,57
106,88,175,57
106,89,140,58
106,90,155,60
106,91,52,60
106,92,295,60
106,93,95,61
106,94,248,61
106,95,156,62
106,96,137,64
106,97,180,66
106,98,316,68
106,99,23,69
106,100,114,69
106,101,153,71
106,102,175,69
106,103,7,70
106,104,14,70
106,105,168,72
106,106,35,73
106,107,162,76
106,108,165,73
106,109,151,74
106,110,186,74
106,111,273,74
106,112,124,76
106,113,71,77
106,114,39,78
106,115,76,78
106,116,242,78
106,117,289,78
106,118,97,80
106,119,306,81
106,120,183,82
106,121,251,82
106,122,75,84
106,123,67,84
106,124,163,86
106,125,197,86
106,126,215,86
106,127,317,86
106,128,113,89
106,129,21,90
106,130,78,90
106,131,106,90
106,132,152,91
106,133,185,94
106,134,225,96
106,135,153,98
106,136,172,100
106,137,198,100
106,138,213,102
106,139,36,104
106,140,137,105
106,141,28,109
106,142,221,107
106,143,92,109
106,144,205,108
106,145,305,108
106,146,94,111
106,147,96,112
106,148,237,112
106,149,309,113
106,150,71,114
106,151,162,114
106,152,189,114
106,153,261,114
106,154,317,116
106,155,120,116
106,156,255,116
106,157,296,116
106,158,225,118
106,159,275,119
106,160,43,120
106,161,291,120
106,162,2,121
106,163,155,121
106,164,44,122
106,165,54,122
106,166,103,122
106,167,242,123
106,168,290,122
106,169,45,124
106,170,147,124
106,171,239,124
106,172,288,124
106,173,247,126
106,174,95,132
106,175,253,134
106,176,191,137
106,177,265,138
106,178,271,138
106,179,289,139
106,180,212,140
106,181,161,141
106,182,183,141
106,183,223,141
106,184,128,142
106,185,311,142
106,186,160,145
106,187,158,146
106,188,77,147
106,189,116,147
106,190,245,148
106,191,270,149
106,192,64,152
106,193,239,157
106,194,275,157
106,195,37,158
106,196,39,158
106,197,225,160
106,198,64,161
106,199,292,162
106,200,139,164
106,201,227,165
106,202,60,166
106,203,281,168
106,204,160,170
106,205,172,170
106,206,214,170
106,207,251,170
106,208,161,173
106,209,215,172
106,210,85,173
106,211,186,173
106,212,196,174
106,213,261,174
106,214,185,175
106,215,317,177
106,216,183,177
106,217,177,180
106,218,200,180
106,219,243,182
106,220,26,184
106,221,15,185
106,222,270,186
106,223,103,186
106,224,262,187
106,225,171,188
106,226,38,189
106,227,203,189
106,228,271,189
106,229,68,192
106,230,112,193
106,231,179,193
106,232,41,194
106,233,35,198
106,234,219,198
106,235,263,198
106,236,214,200
106,237,261,203
106,238,147,204
106,239,37,206
106,240,305,206
106,241,83,208
106,242,223,208
106,243,76,210
106,244,115,210
106,245,207,210
106,246,213,210
106,247,235,210
106,248,222,211
106,249,221,212
106,250,234,212
106,251,133,213
106,252,153,214
106,253,232,214
106,254,159,216
106,255,168,216
106,256,316,216
106,257,227,217
106,258,33,218
106,259,309,218
106,260,263,220
106,261,53,222
106,262,289,222
106,263,25,225
106,264,247,226
106,265,317,227
106,266,47,229
106,267,116,229
106,268,171,229
106,269,157,230
106,270,239,232
106,271,188,233
106,272,96,234
106,273,259,234
106,274,83,235
106,275,186,237
106,276,13,238
106,277,179,238
106,278,267,238
106,279,120,242
106,280,33,246
106,281,61,246
106,282,197,248
106,283,311,248
106,284,84,250
106,285,137,249
106,286,183,249
106,287,316,249
106,288,149,250
106,289,261,252
106,290,161,253
106,291,294,254
106,292,160,255
106,293,159,257
106,294,282,259
106,295,117,262
106,296,177,264
106,297,276,262
106,298,75,264
106,299,288,265
106,300,67,265
106,301,101,265
106,302,217,266
106,303,99,267
106,304,218,268
106,305,53,270
106,306,97,269
106,307,171,269
106,308,288,269
106,309,207,270
106,310,219,270
106,311,308,270
106,312,290,271
106,313,47,272
106,314,40,273
106,315,56,273
106,316,87,273
106,317,127,273
106,318,227,273
106,319,95,274
106,320,108,274
106,321,271,274
106,322,19,277
106,323,181,278
106,324,223,278
106,325,214,281
106,326,108,281
106,327,147,282
106,328,211,282
106,329,226,282
106,330,292,282
106,331,311,284
106,332,44,285
106,333,314,285
106,334,317,286
106,335,94,286
106,336,132,286
106,337,92,290
106,338,2,290
106,339,27,293
106,340,40,293
106,341,90,293
106,342,158,293
106,343,87,295
106,344,288,294
106,345,56,296
106,346,308,296
106,347,66,297
106,348,107,298
106,349,154,298
106,350,204,299
106,351,225,298
106,352,122,300
106,353,80,302
106,354,139,302
106,355,280,302
106,356,305,302
106,357,35,306
106,358,163,306
106,359,89,309
106,360,301,309
106,361,55,310
106,362,106,310
106,363,172,310
106,364,251,310
106,365,90,311
106,366,25,312
106,367,47,312
106,368,149,312
106,369,91,313
106,370,227,313
106,371,287,313
106,372,68,314
106,373,26,316
